Rdate1,Rdate2,IsVaccine,Ssn,Vnumber,Hnumber
2021-09-29 0:00,2021-10-27 0:00,0,000699-149686,10,JDQ4MTYyMiM1MSMkMSMkNCMkOTIkNDgxNzAyIzExIyQxIyQzIyQ3OSQyNjEyMjIjNTEjJDEjJDIjJDgz
2021-11-02 0:00,2021-11-30 0:00,0,001754-210460,10,JDQ4MTYyMiM1MSMkMSMkNCMkOTIkNDgxNzAyIzExIyQxIyQzIyQ3OSQyNjEyMjIjNTEjJDEjJDIjJDgz
2021-10-10 0:00,2021-11-07 0:00,0,002439-212546,10,JDQ4MTYyMiM1MSMkMSMkNCMkOTIkNDgxNzAyIzExIyQxIyQzIyQ3OSQyNjEyMjIjNTEjJDEjJDIjJDgz
2021-08-06 0:00,2021-09-03 0:00,1,006899-240964,10,JDQ4MTYyMiM1MSMkMSMkNCMkOTIkNDgxNzAyIzExIyQxIyQzIyQ3OSQyNjEyMjIjNTEjJDEjJDIjJDgz
2021-09-03 0:00,2021-10-01 0:00,0,007756-132169,10,JDQ4MTYyMiM1MSMkMSMkNCMkOTIkNDgxNzAyIzExIyQxIyQzIyQ3OSQyNjEyMjIjNTEjJDEjJDIjJDgz
2021-10-20 0:00,2021-11-17 0:00,1,008443-130869,10,JDQ4MTYyMiM1MSMkMSMkNCMkOTIkNDgxNzAyIzExIyQxIyQzIyQ3OSQyNjEyMjIjNTEjJDEjJDIjJDgz
2021-10-09 0:00,2021-11-06 0:00,0,009602-202689,10,JDQ4MTYyMiM1MSMkMSMkNCMkOTIkNDgxNzAyIzExIyQxIyQzIyQ3OSQyNjEyMjIjNTEjJDEjJDIjJDgz
2021-12-02 0:00,2021-12-30 0:00,0,009875-283176,10,JDQ4MTYyMiM1MSMkMSMkNCMkOTIkNDgxNzAyIzExIyQxIyQzIyQ3OSQyNjEyMjIjNTEjJDEjJDIjJDgz
2021-12-25 0:00,2022-01-22 0:00,1,010461-227410,10,JDQ4MTYyMiM1MSMkMSMkNCMkOTIkNDgxNzAyIzExIyQxIyQzIyQ3OSQyNjEyMjIjNTEjJDEjJDIjJDgz
2021-11-13 0:00,2021-12-11 0:00,1,011454-269822,10,JDQ4MTYyMiM1MSMkMSMkNCMkOTIkNDgxNzAyIzExIyQxIyQzIyQ3OSQyNjEyMjIjNTEjJDEjJDIjJDgz
2021-08-13 0:00,2021-09-10 0:00,1,012461-161997,10,JDQ4MTYyMiM1MSMkMSMkNCMkOTIkNDgxNzAyIzExIyQxIyQzIyQ3OSQyNjEyMjIjNTEjJDEjJDIjJDgz
2021-11-29 0:00,2021-12-27 0:00,0,013007-196146,10,JDQ4MTYyMiM1MSMkMSMkNCMkOTIkNDgxNzAyIzExIyQxIyQzIyQ3OSQyNjEyMjIjNTEjJDEjJDIjJDgz
2021-12-04 0:00,2022-01-01 0:00,0,014023-151459,10,JDQ4MTYyMiM1MSMkMSMkNCMkOTIkNDgxNzAyIzExIyQxIyQzIyQ3OSQyNjEyMjIjNTEjJDEjJDIjJDgz
2021-08-21 0:00,2021-09-18 0:00,0,014507-131469,10,JDQ4MTYyMiM1MSMkMSMkNCMkOTIkNDgxNzAyIzExIyQxIyQzIyQ3OSQyNjEyMjIjNTEjJDEjJDIjJDgz
2021-09-04 0:00,2021-10-02 0:00,0,014814-257313,10,JDQ4MTYyMiM1MSMkMSMkNCMkOTIkNDgxNzAyIzExIyQxIyQzIyQ3OSQyNjEyMjIjNTEjJDEjJDIjJDgz
2021-11-29 0:00,2021-12-27 0:00,1,015289-187180,10,JDQ4MTYyMiM1MSMkMSMkNCMkOTIkNDgxNzAyIzExIyQxIyQzIyQ3OSQyNjEyMjIjNTEjJDEjJDIjJDgz
2021-11-04 0:00,2021-12-02 0:00,0,015460-134970,10,JDQ4MTYyMiM1MSMkMSMkNCMkOTIkNDgxNzAyIzExIyQxIyQzIyQ3OSQyNjEyMjIjNTEjJDEjJDIjJDgz
2021-10-04 0:00,2021-11-01 0:00,0,016561-222419,10,JDQ4MTYyMiM1MSMkMSMkNCMkOTIkNDgxNzAyIzExIyQxIyQzIyQ3OSQyNjEyMjIjNTEjJDEjJDIjJDgz
2021-11-27 0:00,2021-12-25 0:00,1,017162-294548,10,JDQ4MTYyMiM1MSMkMSMkNCMkOTIkNDgxNzAyIzExIyQxIyQzIyQ3OSQyNjEyMjIjNTEjJDEjJDIjJDgz
2021-10-23 0:00,2021-11-20 0:00,1,017672-268671,10,JDQ4MTYyMiM1MSMkMSMkNCMkOTIkNDgxNzAyIzExIyQxIyQzIyQ3OSQyNjEyMjIjNTEjJDEjJDIjJDgz
2021-09-30 0:00,2021-10-28 0:00,1,020390-157398,20,JDQ4MTYyMiM1MSMkMSMkNCMkOTIkNDgxNzAyIzExIyQxIyQzIyQ3OSQyNjEyMjIjNTEjJDEjJDIjJDgz
2021-09-26 0:00,2021-10-24 0:00,1,022333-269062,20,JDQ4MTYyMiM1MSMkMSMkNCMkOTIkNDgxNzAyIzExIyQxIyQzIyQ3OSQyNjEyMjIjNTEjJDEjJDIjJDgz
2021-09-22 0:00,2021-10-20 0:00,1,022504-108814,20,JDQ4MTYyMiM1MSMkMSMkNCMkOTIkNDgxNzAyIzExIyQxIyQzIyQ3OSQyNjEyMjIjNTEjJDEjJDIjJDgz
2021-12-11 0:00,2022-01-08 0:00,1,022827-245422,20,JDQ4MTYyMiM1MSMkMSMkNCMkOTIkNDgxNzAyIzExIyQxIyQzIyQ3OSQyNjEyMjIjNTEjJDEjJDIjJDgz
2021-10-30 0:00,2021-11-27 0:00,0,023889-295638,20,JDQ4MTYyMiM1MSMkMSMkNCMkOTIkNDgxNzAyIzExIyQxIyQzIyQ3OSQyNjEyMjIjNTEjJDEjJDIjJDgz
2021-08-12 0:00,2021-09-09 0:00,0,025647-246933,20,JDQ4MTYyMiM1MSMkMSMkNCMkOTIkNDgxNzAyIzExIyQxIyQzIyQ3OSQyNjEyMjIjNTEjJDEjJDIjJDgz
2021-10-15 0:00,2021-11-12 0:00,1,027493-252658,20,JDQ4MTYyMiM1MSMkMSMkNCMkOTIkNDgxNzAyIzExIyQxIyQzIyQ3OSQyNjEyMjIjNTEjJDEjJDIjJDgz
2021-08-13 0:00,2021-09-10 0:00,0,027656-295152,10,JDQ4MTYyMiM1MSMkMSMkNCMkOTIkNDgxNzAyIzExIyQxIyQzIyQ3OSQyNjEyMjIjNTEjJDEjJDIjJDgz
2021-10-30 0:00,2021-11-27 0:00,1,028131-144132,10,JDQ4MTYyMiM1MSMkMSMkNCMkOTIkNDgxNzAyIzExIyQxIyQzIyQ3OSQyNjEyMjIjNTEjJDEjJDIjJDgz
2021-09-06 0:00,2021-10-04 0:00,0,028228-244115,20,JDQ4MTYyMiM1MSMkMSMkNCMkOTIkNDgxNzAyIzExIyQxIyQzIyQ3OSQyNjEyMjIjNTEjJDEjJDIjJDgz
2021-12-26 0:00,2022-01-23 0:00,0,029723-157875,10,JDQ4MTYyMiM1MSMkMSMkNCMkOTIkNDgxNzAyIzExIyQxIyQzIyQ3OSQyNjEyMjIjNTEjJDEjJDIjJDgz
2021-12-28 0:00,2022-01-25 0:00,1,029997-139139,10,JDQ4MTYyMiM1MSMkMSMkNCMkOTIkNDgxNzAyIzExIyQxIyQzIyQ3OSQyNjEyMjIjNTEjJDEjJDIjJDgz
2021-08-31 0:00,2021-09-28 0:00,0,030001-110424,10,JDQ4MTYyMiM1MSMkMSMkNCMkOTIkNDgxNzAyIzExIyQxIyQzIyQ3OSQyNjEyMjIjNTEjJDEjJDIjJDgz
2021-08-06 0:00,2021-09-03 0:00,0,030919-225961,20,JDQ4MTYyMiM1MSMkMSMkNCMkOTIkNDgxNzAyIzExIyQxIyQzIyQ3OSQyNjEyMjIjNTEjJDEjJDIjJDgz
2021-08-06 0:00,2021-09-03 0:00,0,032998-239773,10,JDQ4MTYyMiM1MSMkMSMkNCMkOTIkNDgxNzAyIzExIyQxIyQzIyQ3OSQyNjEyMjIjNTEjJDEjJDIjJDgz
2021-12-07 0:00,2022-01-04 0:00,0,035925-157198,10,JDQ4MTYyMiM1MSMkMSMkNCMkOTIkNDgxNzAyIzExIyQxIyQzIyQ3OSQyNjEyMjIjNTEjJDEjJDIjJDgz
2021-10-06 0:00,2021-11-03 0:00,0,037100-279607,10,JDQ4MTYyMiM1MSMkMSMkNCMkOTIkNDgxNzAyIzExIyQxIyQzIyQ3OSQyNjEyMjIjNTEjJDEjJDIjJDgz
2021-10-03 0:00,2021-10-31 0:00,1,039220-234790,20,JDQ4MTYyMiM1MSMkMSMkNCMkOTIkNDgxNzAyIzExIyQxIyQzIyQ3OSQyNjEyMjIjNTEjJDEjJDIjJDgz
2021-10-06 0:00,2021-11-03 0:00,0,039301-241822,20,JDQ4MTYyMiM1MSMkMSMkNCMkOTIkNDgxNzAyIzExIyQxIyQzIyQ3OSQyNjEyMjIjNTEjJDEjJDIjJDgz
2021-12-29 0:00,2022-01-26 0:00,0,039552-250309,20,JDQ4MTYyMiM1MSMkMSMkNCMkOTIkNDgxNzAyIzExIyQxIyQzIyQ3OSQyNjEyMjIjNTEjJDEjJDIjJDgz
2021-11-23 0:00,2021-12-21 0:00,0,040595-292493,10,JDQ4MTYyMiM1MSMkMSMkNCMkOTIkNDgxNzAyIzExIyQxIyQzIyQ3OSQyNjEyMjIjNTEjJDEjJDIjJDgz
2021-08-21 0:00,2021-09-18 0:00,1,041648-215116,20,JDQ4MTYyMiM1MSMkMSMkNCMkOTIkNDgxNzAyIzExIyQxIyQzIyQ3OSQyNjEyMjIjNTEjJDEjJDIjJDgz
2021-09-06 0:00,2021-10-04 0:00,1,041695-159989,10,JDQ4MTYyMiM1MSMkMSMkNCMkOTIkNDgxNzAyIzExIyQxIyQzIyQ3OSQyNjEyMjIjNTEjJDEjJDIjJDgz
2021-09-03 0:00,2021-10-01 0:00,1,041905-160463,10,JDQ4MTYyMiM1MSMkMSMkNCMkOTIkNDgxNzAyIzExIyQxIyQzIyQ3OSQyNjEyMjIjNTEjJDEjJDIjJDgz
2021-10-16 0:00,2021-11-13 0:00,0,044874-219316,10,JDQ4MTYyMiM1MSMkMSMkNCMkOTIkNDgxNzAyIzExIyQxIyQzIyQ3OSQyNjEyMjIjNTEjJDEjJDIjJDgz
2021-12-15 0:00,2022-01-12 0:00,1,044986-248117,10,JDQ4MTYyMiM1MSMkMSMkNCMkOTIkNDgxNzAyIzExIyQxIyQzIyQ3OSQyNjEyMjIjNTEjJDEjJDIjJDgz
2021-09-20 0:00,2021-10-18 0:00,1,045060-268323,20,JDQ4MTYyMiM1MSMkMSMkNCMkOTIkNDgxNzAyIzExIyQxIyQzIyQ3OSQyNjEyMjIjNTEjJDEjJDIjJDgz
2021-12-08 0:00,2022-01-05 0:00,0,045492-286778,10,JDQ4MTYyMiM1MSMkMSMkNCMkOTIkNDgxNzAyIzExIyQxIyQzIyQ3OSQyNjEyMjIjNTEjJDEjJDIjJDgz
2021-10-09 0:00,2021-11-06 0:00,1,047226-265854,20,JDQ4MTYyMiM1MSMkMSMkNCMkOTIkNDgxNzAyIzExIyQxIyQzIyQ3OSQyNjEyMjIjNTEjJDEjJDIjJDgz
2021-08-01 0:00,2021-08-29 0:00,0,049076-114771,20,JDQ4MTYyMiM1MSMkMSMkNCMkOTIkNDgxNzAyIzExIyQxIyQzIyQ3OSQyNjEyMjIjNTEjJDEjJDIjJDgz
2021-10-04 0:00,2021-11-01 0:00,0,049808-130857,10,JDQ4MTYyMiM1MSMkMSMkNCMkOTIkNDgxNzAyIzExIyQxIyQzIyQ3OSQyNjEyMjIjNTEjJDEjJDIjJDgz
2021-10-16 0:00,2021-11-13 0:00,1,050092-284972,10,JDQ4MTYyMiM1MSMkMSMkNCMkOTIkNDgxNzAyIzExIyQxIyQzIyQ3OSQyNjEyMjIjNTEjJDEjJDIjJDgz
2021-09-12 0:00,2021-10-10 0:00,0,050705-173918,20,JDQ4MTYyMiM1MSMkMSMkNCMkOTIkNDgxNzAyIzExIyQxIyQzIyQ3OSQyNjEyMjIjNTEjJDEjJDIjJDgz
2021-09-09 0:00,2021-10-07 0:00,0,050961-138926,20,JDQ4MTYyMiM1MSMkMSMkNCMkOTIkNDgxNzAyIzExIyQxIyQzIyQ3OSQyNjEyMjIjNTEjJDEjJDIjJDgz
2021-08-20 0:00,2021-09-17 0:00,1,051019-278741,20,JDQ4MTYyMiM1MSMkMSMkNCMkOTIkNDgxNzAyIzExIyQxIyQzIyQ3OSQyNjEyMjIjNTEjJDEjJDIjJDgz
2021-08-18 0:00,2021-09-15 0:00,0,051289-104835,10,JDQ4MTYyMiM1MSMkMSMkNCMkOTIkNDgxNzAyIzExIyQxIyQzIyQ3OSQyNjEyMjIjNTEjJDEjJDIjJDgz
2021-12-22 0:00,2022-01-19 0:00,1,052806-188501,20,JDQ4MTYyMiM1MSMkMSMkNCMkOTIkNDgxNzAyIzExIyQxIyQzIyQ3OSQyNjEyMjIjNTEjJDEjJDIjJDgz
2021-11-27 0:00,2021-12-25 0:00,1,053519-261765,20,JDQ4MTYyMiM1MSMkMSMkNCMkOTIkNDgxNzAyIzExIyQxIyQzIyQ3OSQyNjEyMjIjNTEjJDEjJDIjJDgz
2021-09-17 0:00,2021-10-15 0:00,0,053628-157081,10,JDQ4MTYyMiM1MSMkMSMkNCMkOTIkNDgxNzAyIzExIyQxIyQzIyQ3OSQyNjEyMjIjNTEjJDEjJDIjJDgz
2021-10-28 0:00,2021-11-25 0:00,0,054499-124063,10,JDQ4MTYyMiM1MSMkMSMkNCMkOTIkNDgxNzAyIzExIyQxIyQzIyQ3OSQyNjEyMjIjNTEjJDEjJDIjJDgz
2021-09-19 0:00,2021-10-17 0:00,0,055246-283218,10,JDQ4MTYyMiM1MSMkMSMkNCMkOTIkNDgxNzAyIzExIyQxIyQzIyQ3OSQyNjEyMjIjNTEjJDEjJDIjJDgz
2021-10-31 0:00,2021-11-28 0:00,1,056210-244340,20,JDQ4MTYyMiM1MSMkMSMkNCMkOTIkNDgxNzAyIzExIyQxIyQzIyQ3OSQyNjEyMjIjNTEjJDEjJDIjJDgz
2021-11-18 0:00,2021-12-16 0:00,0,057113-112546,20,JDQ4MTYyMiM1MSMkMSMkNCMkOTIkNDgxNzAyIzExIyQxIyQzIyQ3OSQyNjEyMjIjNTEjJDEjJDIjJDgz
2021-12-27 0:00,2022-01-24 0:00,0,057272-223938,20,JDQ4MTYyMiM1MSMkMSMkNCMkOTIkNDgxNzAyIzExIyQxIyQzIyQ3OSQyNjEyMjIjNTEjJDEjJDIjJDgz
2021-10-02 0:00,2021-10-30 0:00,0,057656-299681,10,JDQ4MTYyMiM1MSMkMSMkNCMkOTIkNDgxNzAyIzExIyQxIyQzIyQ3OSQyNjEyMjIjNTEjJDEjJDIjJDgz
2021-11-25 0:00,2021-12-23 0:00,1,057948-125789,20,JDQ4MTYyMiM1MSMkMSMkNCMkOTIkNDgxNzAyIzExIyQxIyQzIyQ3OSQyNjEyMjIjNTEjJDEjJDIjJDgz
2021-08-04 0:00,2021-09-01 0:00,0,060587-170476,20,JDQ4MTYyMiM1MSMkMSMkNCMkOTIkNDgxNzAyIzExIyQxIyQzIyQ3OSQyNjEyMjIjNTEjJDEjJDIjJDgz
2021-11-11 0:00,2021-12-09 0:00,0,060853-239650,10,JDQ4MTYyMiM1MSMkMSMkNCMkOTIkNDgxNzAyIzExIyQxIyQzIyQ3OSQyNjEyMjIjNTEjJDEjJDIjJDgz
2021-10-06 0:00,2021-11-03 0:00,0,061558-289074,20,JDQ4MTYyMiM1MSMkMSMkNCMkOTIkNDgxNzAyIzExIyQxIyQzIyQ3OSQyNjEyMjIjNTEjJDEjJDIjJDgz
2021-11-24 0:00,2021-12-22 0:00,0,062796-146832,10,JDQ4MTYyMiM1MSMkMSMkNCMkOTIkNDgxNzAyIzExIyQxIyQzIyQ3OSQyNjEyMjIjNTEjJDEjJDIjJDgz
2021-09-06 0:00,2021-10-04 0:00,1,063163-105957,20,JDQ4MTYyMiM1MSMkMSMkNCMkOTIkNDgxNzAyIzExIyQxIyQzIyQ3OSQyNjEyMjIjNTEjJDEjJDIjJDgz
2021-08-26 0:00,2021-09-23 0:00,0,064457-266667,20,JDQ4MTYyMiM1MSMkMSMkNCMkOTIkNDgxNzAyIzExIyQxIyQzIyQ3OSQyNjEyMjIjNTEjJDEjJDIjJDgz
2021-12-31 0:00,2022-01-28 0:00,1,066729-161567,20,JDQ4MTYyMiM1MSMkMSMkNCMkOTIkNDgxNzAyIzExIyQxIyQzIyQ3OSQyNjEyMjIjNTEjJDEjJDIjJDgz
2021-08-27 0:00,2021-09-24 0:00,0,066852-107177,20,JDQ4MTYyMiM1MSMkMSMkNCMkOTIkNDgxNzAyIzExIyQxIyQzIyQ3OSQyNjEyMjIjNTEjJDEjJDIjJDgz
2021-11-17 0:00,2021-12-15 0:00,0,067398-141633,20,JDQ4MTYyMiM1MSMkMSMkNCMkOTIkNDgxNzAyIzExIyQxIyQzIyQ3OSQyNjEyMjIjNTEjJDEjJDIjJDgz
2021-10-04 0:00,2021-11-01 0:00,1,068218-197903,20,JDQ4MTYyMiM1MSMkMSMkNCMkOTIkNDgxNzAyIzExIyQxIyQzIyQ3OSQyNjEyMjIjNTEjJDEjJDIjJDgz
2021-12-30 0:00,2022-01-27 0:00,0,068483-290703,10,JDQ4MTYyMiM1MSMkMSMkNCMkOTIkNDgxNzAyIzExIyQxIyQzIyQ3OSQyNjEyMjIjNTEjJDEjJDIjJDgz
2021-09-07 0:00,2021-10-05 0:00,1,068552-122165,10,JDQ4MTYyMiM1MSMkMSMkNCMkOTIkNDgxNzAyIzExIyQxIyQzIyQ3OSQyNjEyMjIjNTEjJDEjJDIjJDgz
2021-08-26 0:00,2021-09-23 0:00,1,069324-181546,20,JDQ4MTYyMiM1MSMkMSMkNCMkOTIkNDgxNzAyIzExIyQxIyQzIyQ3OSQyNjEyMjIjNTEjJDEjJDIjJDgz
2021-08-26 0:00,2021-09-23 0:00,1,069520-141775,20,JDQ4MTYyMiM1MSMkMSMkNCMkOTIkNDgxNzAyIzExIyQxIyQzIyQ3OSQyNjEyMjIjNTEjJDEjJDIjJDgz
2021-11-04 0:00,2021-12-02 0:00,0,069749-281979,20,JDQ4MTYyMiM1MSMkMSMkNCMkOTIkNDgxNzAyIzExIyQxIyQzIyQ3OSQyNjEyMjIjNTEjJDEjJDIjJDgz
2021-12-19 0:00,2022-01-16 0:00,1,070726-228755,20,JDQ4MTYyMiM1MSMkMSMkNCMkOTIkNDgxNzAyIzExIyQxIyQzIyQ3OSQyNjEyMjIjNTEjJDEjJDIjJDgz
2021-11-03 0:00,2021-12-01 0:00,1,074332-120180,20,JDQ4MTYyMiM1MSMkMSMkNCMkOTIkNDgxNzAyIzExIyQxIyQzIyQ3OSQyNjEyMjIjNTEjJDEjJDIjJDgz
2021-08-04 0:00,2021-09-01 0:00,0,074347-159132,10,JDQ4MTYyMiM1MSMkMSMkNCMkOTIkNDgxNzAyIzExIyQxIyQzIyQ3OSQyNjEyMjIjNTEjJDEjJDIjJDgz
2021-10-01 0:00,2021-10-29 0:00,0,074534-107547,10,JDQ4MTYyMiM1MSMkMSMkNCMkOTIkNDgxNzAyIzExIyQxIyQzIyQ3OSQyNjEyMjIjNTEjJDEjJDIjJDgz
2021-08-23 0:00,2021-09-20 0:00,1,074569-236074,20,JDQ4MTYyMiM1MSMkMSMkNCMkOTIkNDgxNzAyIzExIyQxIyQzIyQ3OSQyNjEyMjIjNTEjJDEjJDIjJDgz
2021-11-04 0:00,2021-12-02 0:00,1,403472-182381,40,JDQ4MTYyMiM1MSMkMSMkNCMkOTIkNDgxNzAyIzExIyQxIyQzIyQ3OSQyNjEyMjIjNTEjJDEjJDIjJDgz
2021-10-01 0:00,2021-10-29 0:00,0,405228-288698,20,JDQ4MTYyMiM1MSMkMSMkNCMkOTIkNDgxNzAyIzExIyQxIyQzIyQ3OSQyNjEyMjIjNTEjJDEjJDIjJDgz
2021-09-24 0:00,2021-10-22 0:00,1,406454-149288,40,JDQ4MTYyMiM1MSMkMSMkNCMkOTIkNDgxNzAyIzExIyQxIyQzIyQ3OSQyNjEyMjIjNTEjJDEjJDIjJDgz
2021-12-03 0:00,2021-12-31 0:00,1,411387-208954,30,JDQ4MTYyMiM1MSMkMSMkNCMkOTIkNDgxNzAyIzExIyQxIyQzIyQ3OSQyNjEyMjIjNTEjJDEjJDIjJDgz
2021-10-10 0:00,2021-11-07 0:00,0,412089-245817,30,JDQ4MTYyMiM1MSMkMSMkNCMkOTIkNDgxNzAyIzExIyQxIyQzIyQ3OSQyNjEyMjIjNTEjJDEjJDIjJDgz
2021-10-08 0:00,2021-11-05 0:00,1,412885-119022,20,JDQ4MTYyMiM1MSMkMSMkNCMkOTIkNDgxNzAyIzExIyQxIyQzIyQ3OSQyNjEyMjIjNTEjJDEjJDIjJDgz
2021-11-10 0:00,2021-12-08 0:00,1,417693-172263,10,JDQ4MTYyMiM1MSMkMSMkNCMkOTIkNDgxNzAyIzExIyQxIyQzIyQ3OSQyNjEyMjIjNTEjJDEjJDIjJDgz
2021-09-17 0:00,2021-10-15 0:00,0,418741-219029,20,JDQ4MTYyMiM1MSMkMSMkNCMkOTIkNDgxNzAyIzExIyQxIyQzIyQ3OSQyNjEyMjIjNTEjJDEjJDIjJDgz
2021-11-29 0:00,2021-12-27 0:00,0,422281-114116,30,JDQ4MTYyMiM1MSMkMSMkNCMkOTIkNDgxNzAyIzExIyQxIyQzIyQ3OSQyNjEyMjIjNTEjJDEjJDIjJDgz
2021-09-30 0:00,2021-10-28 0:00,1,424557-257701,40,JDQ4MTYyMiM1MSMkMSMkNCMkOTIkNDgxNzAyIzExIyQxIyQzIyQ3OSQyNjEyMjIjNTEjJDEjJDIjJDgz
2021-10-14 0:00,2021-11-11 0:00,1,430771-118281,20,JDQ4MTYyMiM1MSMkMSMkNCMkOTIkNDgxNzAyIzExIyQxIyQzIyQ3OSQyNjEyMjIjNTEjJDEjJDIjJDgz
2021-09-02 0:00,2021-09-30 0:00,1,430824-161061,20,JDQ4MTYyMiM1MSMkMSMkNCMkOTIkNDgxNzAyIzExIyQxIyQzIyQ3OSQyNjEyMjIjNTEjJDEjJDIjJDgz
2021-12-11 0:00,2022-01-08 0:00,1,432225-125691,10,JDQ4MTYyMiM1MSMkMSMkNCMkOTIkNDgxNzAyIzExIyQxIyQzIyQ3OSQyNjEyMjIjNTEjJDEjJDIjJDgz
2021-09-18 0:00,2021-10-16 0:00,0,432456-245105,10,JDQ4MTYyMiM1MSMkMSMkNCMkOTIkNDgxNzAyIzExIyQxIyQzIyQ3OSQyNjEyMjIjNTEjJDEjJDIjJDgz
2021-11-29 0:00,2021-12-27 0:00,0,433375-298788,10,JDQ4MTYyMiM1MSMkMSMkNCMkOTIkNDgxNzAyIzExIyQxIyQzIyQ3OSQyNjEyMjIjNTEjJDEjJDIjJDgz
2021-11-01 0:00,2021-11-29 0:00,1,433382-226943,10,JDQ4MTYyMiM1MSMkMSMkNCMkOTIkNDgxNzAyIzExIyQxIyQzIyQ3OSQyNjEyMjIjNTEjJDEjJDIjJDgz
2021-10-09 0:00,2021-11-06 0:00,1,433803-220171,10,JDQ4MTYyMiM1MSMkMSMkNCMkOTIkNDgxNzAyIzExIyQxIyQzIyQ3OSQyNjEyMjIjNTEjJDEjJDIjJDgz
2021-11-02 0:00,2021-11-30 0:00,0,434209-205180,10,JDQ4MTYyMiM1MSMkMSMkNCMkOTIkNDgxNzAyIzExIyQxIyQzIyQ3OSQyNjEyMjIjNTEjJDEjJDIjJDgz
2021-08-10 0:00,2021-09-07 0:00,1,435631-197138,20,JDQ4MTYyMiM1MSMkMSMkNCMkOTIkNDgxNzAyIzExIyQxIyQzIyQ3OSQyNjEyMjIjNTEjJDEjJDIjJDgz
2021-11-25 0:00,2021-12-23 0:00,1,438159-281439,10,JDQ4MTYyMiM1MSMkMSMkNCMkOTIkNDgxNzAyIzExIyQxIyQzIyQ3OSQyNjEyMjIjNTEjJDEjJDIjJDgz
2021-08-04 0:00,2021-09-01 0:00,1,439160-245712,10,JDQ4MTYyMiM1MSMkMSMkNCMkOTIkNDgxNzAyIzExIyQxIyQzIyQ3OSQyNjEyMjIjNTEjJDEjJDIjJDgz
2021-09-18 0:00,2021-10-16 0:00,1,439827-216214,40,JDQ4MTYyMiM1MSMkMSMkNCMkOTIkNDgxNzAyIzExIyQxIyQzIyQ3OSQyNjEyMjIjNTEjJDEjJDIjJDgz
2021-12-27 0:00,2022-01-24 0:00,1,440548-225692,30,JDQ4MTYyMiM1MSMkMSMkNCMkOTIkNDgxNzAyIzExIyQxIyQzIyQ3OSQyNjEyMjIjNTEjJDEjJDIjJDgz
2021-09-20 0:00,2021-10-18 0:00,1,442865-135568,10,JDQ4MTYyMiM1MSMkMSMkNCMkOTIkNDgxNzAyIzExIyQxIyQzIyQ3OSQyNjEyMjIjNTEjJDEjJDIjJDgz
2021-12-19 0:00,2022-01-16 0:00,0,443895-176828,40,JDQ4MTYyMiM1MSMkMSMkNCMkOTIkNDgxNzAyIzExIyQxIyQzIyQ3OSQyNjEyMjIjNTEjJDEjJDIjJDgz
2021-10-21 0:00,2021-11-18 0:00,0,444738-157068,20,JDQ4MTYyMiM1MSMkMSMkNCMkOTIkNDgxNzAyIzExIyQxIyQzIyQ3OSQyNjEyMjIjNTEjJDEjJDIjJDgz
2021-12-24 0:00,2022-01-21 0:00,1,446141-275196,40,JDQ4MTYyMiM1MSMkMSMkNCMkOTIkNDgxNzAyIzExIyQxIyQzIyQ3OSQyNjEyMjIjNTEjJDEjJDIjJDgz
2021-10-03 0:00,2021-10-31 0:00,1,448116-280098,40,JDQ4MTYyMiM1MSMkMSMkNCMkOTIkNDgxNzAyIzExIyQxIyQzIyQ3OSQyNjEyMjIjNTEjJDEjJDIjJDgz
2021-09-21 0:00,2021-10-19 0:00,0,451627-286167,40,JDQ4MTYyMiM1MSMkMSMkNCMkOTIkNDgxNzAyIzExIyQxIyQzIyQ3OSQyNjEyMjIjNTEjJDEjJDIjJDgz
2021-12-16 0:00,2022-01-13 0:00,1,452189-213424,40,JDQ4MTYyMiM1MSMkMSMkNCMkOTIkNDgxNzAyIzExIyQxIyQzIyQ3OSQyNjEyMjIjNTEjJDEjJDIjJDgz
2021-11-07 0:00,2021-12-05 0:00,1,452199-238215,20,JDQ4MTYyMiM1MSMkMSMkNCMkOTIkNDgxNzAyIzExIyQxIyQzIyQ3OSQyNjEyMjIjNTEjJDEjJDIjJDgz
2021-09-21 0:00,2021-10-19 0:00,1,454732-147971,30,JDQ4MTYyMiM1MSMkMSMkNCMkOTIkNDgxNzAyIzExIyQxIyQzIyQ3OSQyNjEyMjIjNTEjJDEjJDIjJDgz
2021-08-21 0:00,2021-09-18 0:00,0,455468-268889,10,JDQ4MTYyMiM1MSMkMSMkNCMkOTIkNDgxNzAyIzExIyQxIyQzIyQ3OSQyNjEyMjIjNTEjJDEjJDIjJDgz
2021-09-17 0:00,2021-10-15 0:00,0,458852-120859,40,JDQ4MTYyMiM1MSMkMSMkNCMkOTIkNDgxNzAyIzExIyQxIyQzIyQ3OSQyNjEyMjIjNTEjJDEjJDIjJDgz
2021-09-21 0:00,2021-10-19 0:00,0,460531-182574,20,JDQ4MTYyMiM1MSMkMSMkNCMkOTIkNDgxNzAyIzExIyQxIyQzIyQ3OSQyNjEyMjIjNTEjJDEjJDIjJDgz
2021-10-03 0:00,2021-10-31 0:00,1,462369-266572,10,JDQ4MTYyMiM1MSMkMSMkNCMkOTIkNDgxNzAyIzExIyQxIyQzIyQ3OSQyNjEyMjIjNTEjJDEjJDIjJDgz
2021-12-25 0:00,2022-01-22 0:00,0,463831-179638,10,JDQ4MTYyMiM1MSMkMSMkNCMkOTIkNDgxNzAyIzExIyQxIyQzIyQ3OSQyNjEyMjIjNTEjJDEjJDIjJDgz
2021-10-19 0:00,2021-11-16 0:00,0,464800-206250,40,JDQ4MTYyMiM1MSMkMSMkNCMkOTIkNDgxNzAyIzExIyQxIyQzIyQ3OSQyNjEyMjIjNTEjJDEjJDIjJDgz
2021-09-29 0:00,2021-10-27 0:00,0,465424-283991,30,JDQ4MTYyMiM1MSMkMSMkNCMkOTIkNDgxNzAyIzExIyQxIyQzIyQ3OSQyNjEyMjIjNTEjJDEjJDIjJDgz
2021-10-01 0:00,2021-10-29 0:00,0,465693-104279,40,JDQ4MTYyMiM1MSMkMSMkNCMkOTIkNDgxNzAyIzExIyQxIyQzIyQ3OSQyNjEyMjIjNTEjJDEjJDIjJDgz
2021-12-31 0:00,2022-01-28 0:00,0,467601-210793,30,JDQ4MTYyMiM1MSMkMSMkNCMkOTIkNDgxNzAyIzExIyQxIyQzIyQ3OSQyNjEyMjIjNTEjJDEjJDIjJDgz
2021-09-06 0:00,2021-10-04 0:00,1,469128-143289,20,JDQ4MTYyMiM1MSMkMSMkNCMkOTIkNDgxNzAyIzExIyQxIyQzIyQ3OSQyNjEyMjIjNTEjJDEjJDIjJDgz
2021-08-25 0:00,2021-09-22 0:00,0,477897-120377,30,JDQ4MTYyMiM1MSMkMSMkNCMkOTIkNDgxNzAyIzExIyQxIyQzIyQ3OSQyNjEyMjIjNTEjJDEjJDIjJDgz
2021-10-16 0:00,2021-11-13 0:00,1,478502-149912,10,JDQ4MTYyMiM1MSMkMSMkNCMkOTIkNDgxNzAyIzExIyQxIyQzIyQ3OSQyNjEyMjIjNTEjJDEjJDIjJDgz
2021-12-17 0:00,2022-01-14 0:00,1,480191-227628,10,JDQ4MTYyMiM1MSMkMSMkNCMkOTIkNDgxNzAyIzExIyQxIyQzIyQ3OSQyNjEyMjIjNTEjJDEjJDIjJDgz
2021-08-28 0:00,2021-09-25 0:00,0,482959-221780,30,JDQ4MTYyMiM1MSMkMSMkNCMkOTIkNDgxNzAyIzExIyQxIyQzIyQ3OSQyNjEyMjIjNTEjJDEjJDIjJDgz
2021-08-09 0:00,2021-09-06 0:00,1,483053-144025,20,JDQ4MTYyMiM1MSMkMSMkNCMkOTIkNDgxNzAyIzExIyQxIyQzIyQ3OSQyNjEyMjIjNTEjJDEjJDIjJDgz
2021-11-09 0:00,2021-12-07 0:00,1,486400-101494,20,JDQ4MTYyMiM1MSMkMSMkNCMkOTIkNDgxNzAyIzExIyQxIyQzIyQ3OSQyNjEyMjIjNTEjJDEjJDIjJDgz
2021-09-16 0:00,2021-10-14 0:00,1,486773-161593,40,JDQ4MTYyMiM1MSMkMSMkNCMkOTIkNDgxNzAyIzExIyQxIyQzIyQ3OSQyNjEyMjIjNTEjJDEjJDIjJDgz
2021-11-13 0:00,2021-12-11 0:00,0,487732-182391,40,JDQ4MTYyMiM1MSMkMSMkNCMkOTIkNDgxNzAyIzExIyQxIyQzIyQ3OSQyNjEyMjIjNTEjJDEjJDIjJDgz
2021-08-17 0:00,2021-09-14 0:00,0,490693-197704,20,JDQ4MTYyMiM1MSMkMSMkNCMkOTIkNDgxNzAyIzExIyQxIyQzIyQ3OSQyNjEyMjIjNTEjJDEjJDIjJDgz
2021-10-09 0:00,2021-11-06 0:00,0,491209-141159,20,JDQ4MTYyMiM1MSMkMSMkNCMkOTIkNDgxNzAyIzExIyQxIyQzIyQ3OSQyNjEyMjIjNTEjJDEjJDIjJDgz
2021-12-26 0:00,2022-01-23 0:00,1,491726-112881,10,JDQ4MTYyMiM1MSMkMSMkNCMkOTIkNDgxNzAyIzExIyQxIyQzIyQ3OSQyNjEyMjIjNTEjJDEjJDIjJDgz
2021-10-01 0:00,2021-10-29 0:00,0,497647-291447,10,JDQ4MTYyMiM1MSMkMSMkNCMkOTIkNDgxNzAyIzExIyQxIyQzIyQ3OSQyNjEyMjIjNTEjJDEjJDIjJDgz
2021-08-19 0:00,2021-09-16 0:00,1,498265-299846,20,JDQ4MTYyMiM1MSMkMSMkNCMkOTIkNDgxNzAyIzExIyQxIyQzIyQ3OSQyNjEyMjIjNTEjJDEjJDIjJDgz
2021-10-21 0:00,2021-11-18 0:00,0,499292-208410,20,JDQ4MTYyMiM1MSMkMSMkNCMkOTIkNDgxNzAyIzExIyQxIyQzIyQ3OSQyNjEyMjIjNTEjJDEjJDIjJDgz
2021-09-19 0:00,2021-10-17 0:00,0,501953-175248,30,JDQ4MTYyMiM1MSMkMSMkNCMkOTIkNDgxNzAyIzExIyQxIyQzIyQ3OSQyNjEyMjIjNTEjJDEjJDIjJDgz
2021-12-28 0:00,2022-01-25 0:00,0,502850-108998,20,JDQ4MTYyMiM1MSMkMSMkNCMkOTIkNDgxNzAyIzExIyQxIyQzIyQ3OSQyNjEyMjIjNTEjJDEjJDIjJDgz
2021-08-06 0:00,2021-09-03 0:00,0,504675-124683,10,JDQ4MTYyMiM1MSMkMSMkNCMkOTIkNDgxNzAyIzExIyQxIyQzIyQ3OSQyNjEyMjIjNTEjJDEjJDIjJDgz
2021-08-09 0:00,2021-09-06 0:00,1,505114-254039,40,JDQ4MTYyMiM1MSMkMSMkNCMkOTIkNDgxNzAyIzExIyQxIyQzIyQ3OSQyNjEyMjIjNTEjJDEjJDIjJDgz
2021-10-14 0:00,2021-11-11 0:00,0,505776-214380,20,JDQ4MTYyMiM1MSMkMSMkNCMkOTIkNDgxNzAyIzExIyQxIyQzIyQ3OSQyNjEyMjIjNTEjJDEjJDIjJDgz
2021-09-28 0:00,2021-10-26 0:00,0,506098-275880,20,JDQ4MTYyMiM1MSMkMSMkNCMkOTIkNDgxNzAyIzExIyQxIyQzIyQ3OSQyNjEyMjIjNTEjJDEjJDIjJDgz
2021-08-24 0:00,2021-09-21 0:00,0,507682-233743,30,JDQ4MTYyMiM1MSMkMSMkNCMkOTIkNDgxNzAyIzExIyQxIyQzIyQ3OSQyNjEyMjIjNTEjJDEjJDIjJDgz
2021-08-07 0:00,2021-09-04 0:00,1,513088-248590,10,JDQ4MTYyMiM1MSMkMSMkNCMkOTIkNDgxNzAyIzExIyQxIyQzIyQ3OSQyNjEyMjIjNTEjJDEjJDIjJDgz
2021-10-14 0:00,2021-11-11 0:00,0,514672-167481,40,JDQ4MTYyMiM1MSMkMSMkNCMkOTIkNDgxNzAyIzExIyQxIyQzIyQ3OSQyNjEyMjIjNTEjJDEjJDIjJDgz
2021-11-02 0:00,2021-11-30 0:00,1,518038-173880,10,JDQ4MTYyMiM1MSMkMSMkNCMkOTIkNDgxNzAyIzExIyQxIyQzIyQ3OSQyNjEyMjIjNTEjJDEjJDIjJDgz
2021-10-02 0:00,2021-10-30 0:00,0,518599-124508,30,JDQ4MTYyMiM1MSMkMSMkNCMkOTIkNDgxNzAyIzExIyQxIyQzIyQ3OSQyNjEyMjIjNTEjJDEjJDIjJDgz
2021-09-18 0:00,2021-10-16 0:00,0,519546-164786,20,JDQ4MTYyMiM1MSMkMSMkNCMkOTIkNDgxNzAyIzExIyQxIyQzIyQ3OSQyNjEyMjIjNTEjJDEjJDIjJDgz
2021-12-28 0:00,2022-01-25 0:00,1,523097-127175,20,JDQ4MTYyMiM1MSMkMSMkNCMkOTIkNDgxNzAyIzExIyQxIyQzIyQ3OSQyNjEyMjIjNTEjJDEjJDIjJDgz
2021-12-17 0:00,2022-01-14 0:00,1,523557-266403,10,JDQ4MTYyMiM1MSMkMSMkNCMkOTIkNDgxNzAyIzExIyQxIyQzIyQ3OSQyNjEyMjIjNTEjJDEjJDIjJDgz
2021-10-29 0:00,2021-11-26 0:00,1,525107-108134,30,JDQ4MTYyMiM1MSMkMSMkNCMkOTIkNDgxNzAyIzExIyQxIyQzIyQ3OSQyNjEyMjIjNTEjJDEjJDIjJDgz
2021-10-21 0:00,2021-11-18 0:00,1,525776-200726,30,JDQ4MTYyMiM1MSMkMSMkNCMkOTIkNDgxNzAyIzExIyQxIyQzIyQ3OSQyNjEyMjIjNTEjJDEjJDIjJDgz
2021-11-21 0:00,2021-12-19 0:00,1,527908-251172,10,JDQ4MTYyMiM1MSMkMSMkNCMkOTIkNDgxNzAyIzExIyQxIyQzIyQ3OSQyNjEyMjIjNTEjJDEjJDIjJDgz
2021-08-02 0:00,2021-08-30 0:00,0,527913-127498,10,JDQ4MTYyMiM1MSMkMSMkNCMkOTIkNDgxNzAyIzExIyQxIyQzIyQ3OSQyNjEyMjIjNTEjJDEjJDIjJDgz
2021-09-02 0:00,2021-09-30 0:00,0,528887-288390,20,JDQ4MTYyMiM1MSMkMSMkNCMkOTIkNDgxNzAyIzExIyQxIyQzIyQ3OSQyNjEyMjIjNTEjJDEjJDIjJDgz
2021-12-07 0:00,2022-01-04 0:00,1,530280-162972,20,JDQ4MTYyMiM1MSMkMSMkNCMkOTIkNDgxNzAyIzExIyQxIyQzIyQ3OSQyNjEyMjIjNTEjJDEjJDIjJDgz
2021-08-06 0:00,2021-09-03 0:00,0,530799-248984,40,JDQ4MTYyMiM1MSMkMSMkNCMkOTIkNDgxNzAyIzExIyQxIyQzIyQ3OSQyNjEyMjIjNTEjJDEjJDIjJDgz
2021-10-31 0:00,2021-11-28 0:00,0,531654-260474,40,JDQ4MTYyMiM1MSMkMSMkNCMkOTIkNDgxNzAyIzExIyQxIyQzIyQ3OSQyNjEyMjIjNTEjJDEjJDIjJDgz
2021-11-06 0:00,2021-12-04 0:00,0,536907-223009,20,JDQ4MTYyMiM1MSMkMSMkNCMkOTIkNDgxNzAyIzExIyQxIyQzIyQ3OSQyNjEyMjIjNTEjJDEjJDIjJDgz
2021-09-03 0:00,2021-10-01 0:00,0,537533-234280,30,JDQ4MTYyMiM1MSMkMSMkNCMkOTIkNDgxNzAyIzExIyQxIyQzIyQ3OSQyNjEyMjIjNTEjJDEjJDIjJDgz
2021-10-10 0:00,2021-11-07 0:00,1,537643-287211,40,JDQ4MTYyMiM1MSMkMSMkNCMkOTIkNDgxNzAyIzExIyQxIyQzIyQ3OSQyNjEyMjIjNTEjJDEjJDIjJDgz
2021-08-07 0:00,2021-09-04 0:00,0,538990-260281,40,JDQ4MTYyMiM1MSMkMSMkNCMkOTIkNDgxNzAyIzExIyQxIyQzIyQ3OSQyNjEyMjIjNTEjJDEjJDIjJDgz
2021-08-28 0:00,2021-09-25 0:00,0,539244-272554,10,JDQ4MTYyMiM1MSMkMSMkNCMkOTIkNDgxNzAyIzExIyQxIyQzIyQ3OSQyNjEyMjIjNTEjJDEjJDIjJDgz
2021-11-29 0:00,2021-12-27 0:00,1,540040-200606,10,JDQ4MTYyMiM1MSMkMSMkNCMkOTIkNDgxNzAyIzExIyQxIyQzIyQ3OSQyNjEyMjIjNTEjJDEjJDIjJDgz
2021-08-10 0:00,2021-09-07 0:00,1,541512-172551,40,JDQ4MTYyMiM1MSMkMSMkNCMkOTIkNDgxNzAyIzExIyQxIyQzIyQ3OSQyNjEyMjIjNTEjJDEjJDIjJDgz
2021-09-17 0:00,2021-10-15 0:00,1,542252-168890,10,JDQ4MTYyMiM1MSMkMSMkNCMkOTIkNDgxNzAyIzExIyQxIyQzIyQ3OSQyNjEyMjIjNTEjJDEjJDIjJDgz
2021-10-20 0:00,2021-11-17 0:00,0,543525-252833,20,JDQ4MTYyMiM1MSMkMSMkNCMkOTIkNDgxNzAyIzExIyQxIyQzIyQ3OSQyNjEyMjIjNTEjJDEjJDIjJDgz
2021-09-17 0:00,2021-10-15 0:00,1,548343-203826,40,JDQ4MTYyMiM1MSMkMSMkNCMkOTIkNDgxNzAyIzExIyQxIyQzIyQ3OSQyNjEyMjIjNTEjJDEjJDIjJDgz
2021-08-01 0:00,2021-08-29 0:00,1,550059-169077,30,JDQ4MTYyMiM1MSMkMSMkNCMkOTIkNDgxNzAyIzExIyQxIyQzIyQ3OSQyNjEyMjIjNTEjJDEjJDIjJDgz
2021-09-24 0:00,2021-10-22 0:00,1,550649-255463,30,JDQ4MTYyMiM1MSMkMSMkNCMkOTIkNDgxNzAyIzExIyQxIyQzIyQ3OSQyNjEyMjIjNTEjJDEjJDIjJDgz
2021-12-10 0:00,2022-01-07 0:00,0,551161-103828,30,JDQ4MTYyMiM1MSMkMSMkNCMkOTIkNDgxNzAyIzExIyQxIyQzIyQ3OSQyNjEyMjIjNTEjJDEjJDIjJDgz
2021-09-30 0:00,2021-10-28 0:00,1,554122-204721,10,JDQ4MTYyMiM1MSMkMSMkNCMkOTIkNDgxNzAyIzExIyQxIyQzIyQ3OSQyNjEyMjIjNTEjJDEjJDIjJDgz
2021-08-05 0:00,2021-09-02 0:00,1,557152-114979,20,JDQ4MTYyMiM1MSMkMSMkNCMkOTIkNDgxNzAyIzExIyQxIyQzIyQ3OSQyNjEyMjIjNTEjJDEjJDIjJDgz
2021-12-07 0:00,2022-01-04 0:00,1,557356-163293,20,JDQ4MTYyMiM1MSMkMSMkNCMkOTIkNDgxNzAyIzExIyQxIyQzIyQ3OSQyNjEyMjIjNTEjJDEjJDIjJDgz
2021-12-29 0:00,2022-01-26 0:00,1,558441-191966,20,JDQ4MTYyMiM1MSMkMSMkNCMkOTIkNDgxNzAyIzExIyQxIyQzIyQ3OSQyNjEyMjIjNTEjJDEjJDIjJDgz
2021-08-29 0:00,2021-09-26 0:00,1,562217-236953,30,JDQ4MTYyMiM1MSMkMSMkNCMkOTIkNDgxNzAyIzExIyQxIyQzIyQ3OSQyNjEyMjIjNTEjJDEjJDIjJDgz
2021-11-02 0:00,2021-11-30 0:00,1,562393-223588,40,JDQ4MTYyMiM1MSMkMSMkNCMkOTIkNDgxNzAyIzExIyQxIyQzIyQ3OSQyNjEyMjIjNTEjJDEjJDIjJDgz
2021-09-04 0:00,2021-10-02 0:00,0,564864-297942,10,JDQ4MTYyMiM1MSMkMSMkNCMkOTIkNDgxNzAyIzExIyQxIyQzIyQ3OSQyNjEyMjIjNTEjJDEjJDIjJDgz
2021-12-23 0:00,2022-01-20 0:00,1,567725-271540,40,JDQ4MTYyMiM1MSMkMSMkNCMkOTIkNDgxNzAyIzExIyQxIyQzIyQ3OSQyNjEyMjIjNTEjJDEjJDIjJDgz
2021-11-21 0:00,2021-12-19 0:00,1,568162-161100,30,JDQ4MTYyMiM1MSMkMSMkNCMkOTIkNDgxNzAyIzExIyQxIyQzIyQ3OSQyNjEyMjIjNTEjJDEjJDIjJDgz
2021-12-23 0:00,2022-01-20 0:00,0,568812-102093,30,JDQ4MTYyMiM1MSMkMSMkNCMkOTIkNDgxNzAyIzExIyQxIyQzIyQ3OSQyNjEyMjIjNTEjJDEjJDIjJDgz
2021-09-27 0:00,2021-10-25 0:00,0,569041-160945,40,JDQ4MTYyMiM1MSMkMSMkNCMkOTIkNDgxNzAyIzExIyQxIyQzIyQ3OSQyNjEyMjIjNTEjJDEjJDIjJDgz
2021-12-21 0:00,2022-01-18 0:00,0,569043-256613,10,JDQ4MTYyMiM1MSMkMSMkNCMkOTIkNDgxNzAyIzExIyQxIyQzIyQ3OSQyNjEyMjIjNTEjJDEjJDIjJDgz
2021-11-27 0:00,2021-12-25 0:00,0,569420-129568,20,JDQ4MTYyMiM1MSMkMSMkNCMkOTIkNDgxNzAyIzExIyQxIyQzIyQ3OSQyNjEyMjIjNTEjJDEjJDIjJDgz
2021-08-19 0:00,2021-09-16 0:00,0,569664-284593,30,JDQ4MTYyMiM1MSMkMSMkNCMkOTIkNDgxNzAyIzExIyQxIyQzIyQ3OSQyNjEyMjIjNTEjJDEjJDIjJDgz
2021-10-27 0:00,2021-11-24 0:00,1,570000-128460,20,JDQ4MTYyMiM1MSMkMSMkNCMkOTIkNDgxNzAyIzExIyQxIyQzIyQ3OSQyNjEyMjIjNTEjJDEjJDIjJDgz
2021-11-23 0:00,2021-12-21 0:00,1,571346-114566,10,JDQ4MTYyMiM1MSMkMSMkNCMkOTIkNDgxNzAyIzExIyQxIyQzIyQ3OSQyNjEyMjIjNTEjJDEjJDIjJDgz
2021-08-16 0:00,2021-09-13 0:00,1,571407-212938,30,JDQ4MTYyMiM1MSMkMSMkNCMkOTIkNDgxNzAyIzExIyQxIyQzIyQ3OSQyNjEyMjIjNTEjJDEjJDIjJDgz
2021-12-05 0:00,2022-01-02 0:00,1,573542-281480,30,JDQ4MTYyMiM1MSMkMSMkNCMkOTIkNDgxNzAyIzExIyQxIyQzIyQ3OSQyNjEyMjIjNTEjJDEjJDIjJDgz
2021-12-03 0:00,2021-12-31 0:00,1,575043-264183,40,JDQ4MTYyMiM1MSMkMSMkNCMkOTIkNDgxNzAyIzExIyQxIyQzIyQ3OSQyNjEyMjIjNTEjJDEjJDIjJDgz
2021-10-15 0:00,2021-11-12 0:00,0,575435-261752,10,JDQ4MTYyMiM1MSMkMSMkNCMkOTIkNDgxNzAyIzExIyQxIyQzIyQ3OSQyNjEyMjIjNTEjJDEjJDIjJDgz
2021-11-18 0:00,2021-12-16 0:00,1,576277-237485,20,JDQ4MTYyMiM1MSMkMSMkNCMkOTIkNDgxNzAyIzExIyQxIyQzIyQ3OSQyNjEyMjIjNTEjJDEjJDIjJDgz
2021-09-15 0:00,2021-10-13 0:00,1,576371-282335,30,JDQ4MTYyMiM1MSMkMSMkNCMkOTIkNDgxNzAyIzExIyQxIyQzIyQ3OSQyNjEyMjIjNTEjJDEjJDIjJDgz
2021-10-26 0:00,2021-11-23 0:00,0,578349-218651,10,JDQ4MTYyMiM1MSMkMSMkNCMkOTIkNDgxNzAyIzExIyQxIyQzIyQ3OSQyNjEyMjIjNTEjJDEjJDIjJDgz
2021-12-18 0:00,2022-01-15 0:00,0,582740-122024,40,JDQ4MTYyMiM1MSMkMSMkNCMkOTIkNDgxNzAyIzExIyQxIyQzIyQ3OSQyNjEyMjIjNTEjJDEjJDIjJDgz
2021-11-16 0:00,2021-12-14 0:00,0,584215-171190,40,JDQ4MTYyMiM1MSMkMSMkNCMkOTIkNDgxNzAyIzExIyQxIyQzIyQ3OSQyNjEyMjIjNTEjJDEjJDIjJDgz
2021-10-06 0:00,2021-11-03 0:00,1,584685-109393,30,JDQ4MTYyMiM1MSMkMSMkNCMkOTIkNDgxNzAyIzExIyQxIyQzIyQ3OSQyNjEyMjIjNTEjJDEjJDIjJDgz
2021-09-26 0:00,2021-10-24 0:00,1,586611-129698,40,JDQ4MTYyMiM1MSMkMSMkNCMkOTIkNDgxNzAyIzExIyQxIyQzIyQ3OSQyNjEyMjIjNTEjJDEjJDIjJDgz
2021-10-28 0:00,2021-11-25 0:00,1,586712-263504,10,JDQ4MTYyMiM1MSMkMSMkNCMkOTIkNDgxNzAyIzExIyQxIyQzIyQ3OSQyNjEyMjIjNTEjJDEjJDIjJDgz
2021-11-02 0:00,2021-11-30 0:00,0,587822-222756,20,JDQ4MTYyMiM1MSMkMSMkNCMkOTIkNDgxNzAyIzExIyQxIyQzIyQ3OSQyNjEyMjIjNTEjJDEjJDIjJDgz
2021-10-02 0:00,2021-10-30 0:00,0,596050-199286,30,JDQ4MTYyMiM1MSMkMSMkNCMkOTIkNDgxNzAyIzExIyQxIyQzIyQ3OSQyNjEyMjIjNTEjJDEjJDIjJDgz
2021-10-16 0:00,2021-11-13 0:00,1,596871-209702,30,JDQ4MTYyMiM1MSMkMSMkNCMkOTIkNDgxNzAyIzExIyQxIyQzIyQ3OSQyNjEyMjIjNTEjJDEjJDIjJDgz
2021-10-02 0:00,2021-10-30 0:00,1,597062-133132,30,JDQ4MTYyMiM1MSMkMSMkNCMkOTIkNDgxNzAyIzExIyQxIyQzIyQ3OSQyNjEyMjIjNTEjJDEjJDIjJDgz
2021-09-12 0:00,2021-10-10 0:00,0,599353-184717,20,JDQ4MTYyMiM1MSMkMSMkNCMkOTIkNDgxNzAyIzExIyQxIyQzIyQ3OSQyNjEyMjIjNTEjJDEjJDIjJDgz
2021-10-10 0:00,2021-11-07 0:00,0,599588-274952,20,JDQ4MTYyMiM1MSMkMSMkNCMkOTIkNDgxNzAyIzExIyQxIyQzIyQ3OSQyNjEyMjIjNTEjJDEjJDIjJDgz
2021-11-21 0:00,2021-12-19 0:00,1,602313-173044,40,JDQ4MTYyMiM1MSMkMSMkNCMkOTIkNDgxNzAyIzExIyQxIyQzIyQ3OSQyNjEyMjIjNTEjJDEjJDIjJDgz
2021-09-30 0:00,2021-10-28 0:00,1,603128-121317,10,JDQ4MTYyMiM1MSMkMSMkNCMkOTIkNDgxNzAyIzExIyQxIyQzIyQ3OSQyNjEyMjIjNTEjJDEjJDIjJDgz
2021-09-27 0:00,2021-10-25 0:00,0,604239-104150,40,JDQ4MTYyMiM1MSMkMSMkNCMkOTIkNDgxNzAyIzExIyQxIyQzIyQ3OSQyNjEyMjIjNTEjJDEjJDIjJDgz
2021-08-25 0:00,2021-09-22 0:00,1,605568-257741,30,JDQ4MTYyMiM1MSMkMSMkNCMkOTIkNDgxNzAyIzExIyQxIyQzIyQ3OSQyNjEyMjIjNTEjJDEjJDIjJDgz
2021-10-12 0:00,2021-11-09 0:00,1,610520-257442,20,JDQ4MTYyMiM1MSMkMSMkNCMkOTIkNDgxNzAyIzExIyQxIyQzIyQ3OSQyNjEyMjIjNTEjJDEjJDIjJDgz
2021-09-10 0:00,2021-10-08 0:00,1,610606-236678,40,JDQ4MTYyMiM1MSMkMSMkNCMkOTIkNDgxNzAyIzExIyQxIyQzIyQ3OSQyNjEyMjIjNTEjJDEjJDIjJDgz
2021-08-21 0:00,2021-09-18 0:00,1,616018-202647,20,JDQ4MTYyMiM1MSMkMSMkNCMkOTIkNDgxNzAyIzExIyQxIyQzIyQ3OSQyNjEyMjIjNTEjJDEjJDIjJDgz
2021-11-11 0:00,2021-12-09 0:00,1,616130-276783,10,JDQ4MTYyMiM1MSMkMSMkNCMkOTIkNDgxNzAyIzExIyQxIyQzIyQ3OSQyNjEyMjIjNTEjJDEjJDIjJDgz
2021-08-02 0:00,2021-08-30 0:00,0,617921-120651,40,JDQ4MTYyMiM1MSMkMSMkNCMkOTIkNDgxNzAyIzExIyQxIyQzIyQ3OSQyNjEyMjIjNTEjJDEjJDIjJDgz
2021-12-14 0:00,2022-01-11 0:00,0,619419-120246,30,JDQ4MTYyMiM1MSMkMSMkNCMkOTIkNDgxNzAyIzExIyQxIyQzIyQ3OSQyNjEyMjIjNTEjJDEjJDIjJDgz
2021-11-12 0:00,2021-12-10 0:00,0,620956-251671,30,JDQ4MTYyMiM1MSMkMSMkNCMkOTIkNDgxNzAyIzExIyQxIyQzIyQ3OSQyNjEyMjIjNTEjJDEjJDIjJDgz
2021-08-12 0:00,2021-09-09 0:00,0,621720-275719,40,JDQ4MTYyMiM1MSMkMSMkNCMkOTIkNDgxNzAyIzExIyQxIyQzIyQ3OSQyNjEyMjIjNTEjJDEjJDIjJDgz
2021-08-20 0:00,2021-09-17 0:00,1,622483-200463,40,JDQ4MTYyMiM1MSMkMSMkNCMkOTIkNDgxNzAyIzExIyQxIyQzIyQ3OSQyNjEyMjIjNTEjJDEjJDIjJDgz
2021-12-24 0:00,2022-01-21 0:00,1,622928-284091,10,JDQ4MTYyMiM1MSMkMSMkNCMkOTIkNDgxNzAyIzExIyQxIyQzIyQ3OSQyNjEyMjIjNTEjJDEjJDIjJDgz
2021-12-29 0:00,2022-01-26 0:00,1,625778-127215,10,JDQ4MTYyMiM1MSMkMSMkNCMkOTIkNDgxNzAyIzExIyQxIyQzIyQ3OSQyNjEyMjIjNTEjJDEjJDIjJDgz
2021-09-15 0:00,2021-10-13 0:00,0,628843-270801,40,JDQ4MTYyMiM1MSMkMSMkNCMkOTIkNDgxNzAyIzExIyQxIyQzIyQ3OSQyNjEyMjIjNTEjJDEjJDIjJDgz
2021-09-26 0:00,2021-10-24 0:00,0,629076-273062,10,JDQ4MTYyMiM1MSMkMSMkNCMkOTIkNDgxNzAyIzExIyQxIyQzIyQ3OSQyNjEyMjIjNTEjJDEjJDIjJDgz
2021-09-19 0:00,2021-10-17 0:00,1,630218-203507,20,JDQ4MTYyMiM1MSMkMSMkNCMkOTIkNDgxNzAyIzExIyQxIyQzIyQ3OSQyNjEyMjIjNTEjJDEjJDIjJDgz
2021-12-04 0:00,2022-01-01 0:00,1,630292-233661,30,JDQ4MTYyMiM1MSMkMSMkNCMkOTIkNDgxNzAyIzExIyQxIyQzIyQ3OSQyNjEyMjIjNTEjJDEjJDIjJDgz
2021-09-28 0:00,2021-10-26 0:00,1,635780-290716,30,JDQ4MTYyMiM1MSMkMSMkNCMkOTIkNDgxNzAyIzExIyQxIyQzIyQ3OSQyNjEyMjIjNTEjJDEjJDIjJDgz
2021-11-24 0:00,2021-12-22 0:00,0,637450-241445,10,JDQ4MTYyMiM1MSMkMSMkNCMkOTIkNDgxNzAyIzExIyQxIyQzIyQ3OSQyNjEyMjIjNTEjJDEjJDIjJDgz
2021-08-31 0:00,2021-09-28 0:00,1,638049-116286,30,JDQ4MTYyMiM1MSMkMSMkNCMkOTIkNDgxNzAyIzExIyQxIyQzIyQ3OSQyNjEyMjIjNTEjJDEjJDIjJDgz
2021-10-23 0:00,2021-11-20 0:00,1,638860-206223,10,JDQ4MTYyMiM1MSMkMSMkNCMkOTIkNDgxNzAyIzExIyQxIyQzIyQ3OSQyNjEyMjIjNTEjJDEjJDIjJDgz
2021-11-04 0:00,2021-12-02 0:00,1,641809-177247,20,JDQ4MTYyMiM1MSMkMSMkNCMkOTIkNDgxNzAyIzExIyQxIyQzIyQ3OSQyNjEyMjIjNTEjJDEjJDIjJDgz
2021-12-29 0:00,2022-01-26 0:00,1,642333-194241,20,JDQ4MTYyMiM1MSMkMSMkNCMkOTIkNDgxNzAyIzExIyQxIyQzIyQ3OSQyNjEyMjIjNTEjJDEjJDIjJDgz
2021-08-12 0:00,2021-09-09 0:00,0,642694-152516,30,JDQ4MTYyMiM1MSMkMSMkNCMkOTIkNDgxNzAyIzExIyQxIyQzIyQ3OSQyNjEyMjIjNTEjJDEjJDIjJDgz
2021-08-21 0:00,2021-09-18 0:00,0,643395-286851,20,JDQ4MTYyMiM1MSMkMSMkNCMkOTIkNDgxNzAyIzExIyQxIyQzIyQ3OSQyNjEyMjIjNTEjJDEjJDIjJDgz
2021-10-10 0:00,2021-11-07 0:00,1,644167-180650,40,JDQ4MTYyMiM1MSMkMSMkNCMkOTIkNDgxNzAyIzExIyQxIyQzIyQ3OSQyNjEyMjIjNTEjJDEjJDIjJDgz
2021-10-19 0:00,2021-11-16 0:00,1,644923-235773,20,JDQ4MTYyMiM1MSMkMSMkNCMkOTIkNDgxNzAyIzExIyQxIyQzIyQ3OSQyNjEyMjIjNTEjJDEjJDIjJDgz
2021-11-14 0:00,2021-12-12 0:00,1,646560-226179,10,JDQ4MTYyMiM1MSMkMSMkNCMkOTIkNDgxNzAyIzExIyQxIyQzIyQ3OSQyNjEyMjIjNTEjJDEjJDIjJDgz
2021-11-12 0:00,2021-12-10 0:00,1,647689-165971,20,JDQ4MTYyMiM1MSMkMSMkNCMkOTIkNDgxNzAyIzExIyQxIyQzIyQ3OSQyNjEyMjIjNTEjJDEjJDIjJDgz
2021-12-02 0:00,2021-12-30 0:00,1,647745-286709,20,JDQ4MTYyMiM1MSMkMSMkNCMkOTIkNDgxNzAyIzExIyQxIyQzIyQ3OSQyNjEyMjIjNTEjJDEjJDIjJDgz
2021-10-05 0:00,2021-11-02 0:00,1,648679-234489,20,JDQ4MTYyMiM1MSMkMSMkNCMkOTIkNDgxNzAyIzExIyQxIyQzIyQ3OSQyNjEyMjIjNTEjJDEjJDIjJDgz
2021-09-25 0:00,2021-10-23 0:00,0,650959-191791,10,JDQ4MTYyMiM1MSMkMSMkNCMkOTIkNDgxNzAyIzExIyQxIyQzIyQ3OSQyNjEyMjIjNTEjJDEjJDIjJDgz
2021-08-19 0:00,2021-09-16 0:00,0,651705-242698,20,JDQ4MTYyMiM1MSMkMSMkNCMkOTIkNDgxNzAyIzExIyQxIyQzIyQ3OSQyNjEyMjIjNTEjJDEjJDIjJDgz
2021-09-03 0:00,2021-10-01 0:00,1,652912-286953,10,JDQ4MTYyMiM1MSMkMSMkNCMkOTIkNDgxNzAyIzExIyQxIyQzIyQ3OSQyNjEyMjIjNTEjJDEjJDIjJDgz
2021-10-01 0:00,2021-10-29 0:00,0,653815-121562,30,JDQ4MTYyMiM1MSMkMSMkNCMkOTIkNDgxNzAyIzExIyQxIyQzIyQ3OSQyNjEyMjIjNTEjJDEjJDIjJDgz
2021-11-10 0:00,2021-12-08 0:00,0,654028-134875,20,JDQ4MTYyMiM1MSMkMSMkNCMkOTIkNDgxNzAyIzExIyQxIyQzIyQ3OSQyNjEyMjIjNTEjJDEjJDIjJDgz
2021-10-13 0:00,2021-11-10 0:00,1,655631-140598,40,JDQ4MTYyMiM1MSMkMSMkNCMkOTIkNDgxNzAyIzExIyQxIyQzIyQ3OSQyNjEyMjIjNTEjJDEjJDIjJDgz
2021-09-03 0:00,2021-10-01 0:00,0,656569-211158,30,JDQ4MTYyMiM1MSMkMSMkNCMkOTIkNDgxNzAyIzExIyQxIyQzIyQ3OSQyNjEyMjIjNTEjJDEjJDIjJDgz
2021-11-30 0:00,2021-12-28 0:00,1,658886-215612,40,JDQ4MTYyMiM1MSMkMSMkNCMkOTIkNDgxNzAyIzExIyQxIyQzIyQ3OSQyNjEyMjIjNTEjJDEjJDIjJDgz
2021-09-18 0:00,2021-10-16 0:00,0,659887-201010,20,JDQ4MTYyMiM1MSMkMSMkNCMkOTIkNDgxNzAyIzExIyQxIyQzIyQ3OSQyNjEyMjIjNTEjJDEjJDIjJDgz
2021-12-08 0:00,2022-01-05 0:00,1,660244-273876,10,JDQ4MTYyMiM1MSMkMSMkNCMkOTIkNDgxNzAyIzExIyQxIyQzIyQ3OSQyNjEyMjIjNTEjJDEjJDIjJDgz
2021-09-15 0:00,2021-10-13 0:00,1,661808-151786,20,JDQ4MTYyMiM1MSMkMSMkNCMkOTIkNDgxNzAyIzExIyQxIyQzIyQ3OSQyNjEyMjIjNTEjJDEjJDIjJDgz
2021-08-15 0:00,2021-09-12 0:00,1,664342-154496,10,JDQ4MTYyMiM1MSMkMSMkNCMkOTIkNDgxNzAyIzExIyQxIyQzIyQ3OSQyNjEyMjIjNTEjJDEjJDIjJDgz
2021-11-28 0:00,2021-12-26 0:00,1,665452-114775,30,JDQ4MTYyMiM1MSMkMSMkNCMkOTIkNDgxNzAyIzExIyQxIyQzIyQ3OSQyNjEyMjIjNTEjJDEjJDIjJDgz
2021-08-30 0:00,2021-09-27 0:00,1,666272-210372,30,JDQ4MTYyMiM1MSMkMSMkNCMkOTIkNDgxNzAyIzExIyQxIyQzIyQ3OSQyNjEyMjIjNTEjJDEjJDIjJDgz
2021-12-29 0:00,2022-01-26 0:00,0,667464-272169,10,JDQ4MTYyMiM1MSMkMSMkNCMkOTIkNDgxNzAyIzExIyQxIyQzIyQ3OSQyNjEyMjIjNTEjJDEjJDIjJDgz
2021-08-29 0:00,2021-09-26 0:00,0,671898-186203,10,JDQ4MTYyMiM1MSMkMSMkNCMkOTIkNDgxNzAyIzExIyQxIyQzIyQ3OSQyNjEyMjIjNTEjJDEjJDIjJDgz
2021-09-06 0:00,2021-10-04 0:00,0,672354-257288,20,JDQ4MTYyMiM1MSMkMSMkNCMkOTIkNDgxNzAyIzExIyQxIyQzIyQ3OSQyNjEyMjIjNTEjJDEjJDIjJDgz
2021-09-29 0:00,2021-10-27 0:00,0,672383-223296,20,JDQ4MTYyMiM1MSMkMSMkNCMkOTIkNDgxNzAyIzExIyQxIyQzIyQ3OSQyNjEyMjIjNTEjJDEjJDIjJDgz
2021-12-03 0:00,2021-12-31 0:00,0,673754-286392,20,JDQ4MTYyMiM1MSMkMSMkNCMkOTIkNDgxNzAyIzExIyQxIyQzIyQ3OSQyNjEyMjIjNTEjJDEjJDIjJDgz
2021-08-06 0:00,2021-09-03 0:00,0,674992-278959,20,JDQ4MTYyMiM1MSMkMSMkNCMkOTIkNDgxNzAyIzExIyQxIyQzIyQ3OSQyNjEyMjIjNTEjJDEjJDIjJDgz
2021-11-23 0:00,2021-12-21 0:00,1,675642-288000,30,JDQ4MTYyMiM1MSMkMSMkNCMkOTIkNDgxNzAyIzExIyQxIyQzIyQ3OSQyNjEyMjIjNTEjJDEjJDIjJDgz
2021-12-03 0:00,2021-12-31 0:00,1,677259-257747,40,JDQ4MTYyMiM1MSMkMSMkNCMkOTIkNDgxNzAyIzExIyQxIyQzIyQ3OSQyNjEyMjIjNTEjJDEjJDIjJDgz
2021-10-13 0:00,2021-11-10 0:00,0,679965-138693,30,JDQ4MTYyMiM1MSMkMSMkNCMkOTIkNDgxNzAyIzExIyQxIyQzIyQ3OSQyNjEyMjIjNTEjJDEjJDIjJDgz
2021-11-22 0:00,2021-12-20 0:00,0,679996-221570,10,JDQ4MTYyMiM1MSMkMSMkNCMkOTIkNDgxNzAyIzExIyQxIyQzIyQ3OSQyNjEyMjIjNTEjJDEjJDIjJDgz
2021-12-09 0:00,2022-01-06 0:00,0,681618-194887,20,JDQ4MTYyMiM1MSMkMSMkNCMkOTIkNDgxNzAyIzExIyQxIyQzIyQ3OSQyNjEyMjIjNTEjJDEjJDIjJDgz
2021-08-10 0:00,2021-09-07 0:00,1,682243-267918,40,JDQ4MTYyMiM1MSMkMSMkNCMkOTIkNDgxNzAyIzExIyQxIyQzIyQ3OSQyNjEyMjIjNTEjJDEjJDIjJDgz
2021-10-18 0:00,2021-11-15 0:00,1,683312-283119,30,JDQ4MTYyMiM1MSMkMSMkNCMkOTIkNDgxNzAyIzExIyQxIyQzIyQ3OSQyNjEyMjIjNTEjJDEjJDIjJDgz
2021-11-09 0:00,2021-12-07 0:00,0,685218-190911,10,JDQ4MTYyMiM1MSMkMSMkNCMkOTIkNDgxNzAyIzExIyQxIyQzIyQ3OSQyNjEyMjIjNTEjJDEjJDIjJDgz
2021-10-28 0:00,2021-11-25 0:00,0,685377-285622,20,JDQ4MTYyMiM1MSMkMSMkNCMkOTIkNDgxNzAyIzExIyQxIyQzIyQ3OSQyNjEyMjIjNTEjJDEjJDIjJDgz
2021-08-04 0:00,2021-09-01 0:00,0,685786-154605,40,JDQ4MTYyMiM1MSMkMSMkNCMkOTIkNDgxNzAyIzExIyQxIyQzIyQ3OSQyNjEyMjIjNTEjJDEjJDIjJDgz
2021-12-25 0:00,2022-01-22 0:00,1,686957-166200,20,JDQ4MTYyMiM1MSMkMSMkNCMkOTIkNDgxNzAyIzExIyQxIyQzIyQ3OSQyNjEyMjIjNTEjJDEjJDIjJDgz
2021-09-10 0:00,2021-10-08 0:00,0,687191-187654,10,JDQ4MTYyMiM1MSMkMSMkNCMkOTIkNDgxNzAyIzExIyQxIyQzIyQ3OSQyNjEyMjIjNTEjJDEjJDIjJDgz
2021-09-09 0:00,2021-10-07 0:00,1,688946-292475,30,JDQ4MTYyMiM1MSMkMSMkNCMkOTIkNDgxNzAyIzExIyQxIyQzIyQ3OSQyNjEyMjIjNTEjJDEjJDIjJDgz
2021-08-24 0:00,2021-09-21 0:00,1,690532-128577,30,JDQ4MTYyMiM1MSMkMSMkNCMkOTIkNDgxNzAyIzExIyQxIyQzIyQ3OSQyNjEyMjIjNTEjJDEjJDIjJDgz
2021-09-09 0:00,2021-10-07 0:00,0,691629-160016,30,JDQ4MTYyMiM1MSMkMSMkNCMkOTIkNDgxNzAyIzExIyQxIyQzIyQ3OSQyNjEyMjIjNTEjJDEjJDIjJDgz
2021-12-08 0:00,2022-01-05 0:00,0,691664-164890,40,JDQ4MTYyMiM1MSMkMSMkNCMkOTIkNDgxNzAyIzExIyQxIyQzIyQ3OSQyNjEyMjIjNTEjJDEjJDIjJDgz
2021-10-04 0:00,2021-11-01 0:00,1,692618-214550,20,JDQ4MTYyMiM1MSMkMSMkNCMkOTIkNDgxNzAyIzExIyQxIyQzIyQ3OSQyNjEyMjIjNTEjJDEjJDIjJDgz
2021-12-01 0:00,2021-12-29 0:00,1,696822-245835,10,JDQ4MTYyMiM1MSMkMSMkNCMkOTIkNDgxNzAyIzExIyQxIyQzIyQ3OSQyNjEyMjIjNTEjJDEjJDIjJDgz
2021-11-03 0:00,2021-12-01 0:00,1,696834-176724,30,JDQ4MTYyMiM1MSMkMSMkNCMkOTIkNDgxNzAyIzExIyQxIyQzIyQ3OSQyNjEyMjIjNTEjJDEjJDIjJDgz
2021-09-21 0:00,2021-10-19 0:00,0,701000-190450,10,JDQ4MTYyMiM1MSMkMSMkNCMkOTIkNDgxNzAyIzExIyQxIyQzIyQ3OSQyNjEyMjIjNTEjJDEjJDIjJDgz
2021-12-25 0:00,2022-01-22 0:00,1,704941-288971,20,JDQ4MTYyMiM1MSMkMSMkNCMkOTIkNDgxNzAyIzExIyQxIyQzIyQ3OSQyNjEyMjIjNTEjJDEjJDIjJDgz
2021-09-06 0:00,2021-10-04 0:00,1,706820-125467,30,JDQ4MTYyMiM1MSMkMSMkNCMkOTIkNDgxNzAyIzExIyQxIyQzIyQ3OSQyNjEyMjIjNTEjJDEjJDIjJDgz
2021-12-24 0:00,2022-01-21 0:00,0,708874-130343,40,JDQ4MTYyMiM1MSMkMSMkNCMkOTIkNDgxNzAyIzExIyQxIyQzIyQ3OSQyNjEyMjIjNTEjJDEjJDIjJDgz
2021-12-20 0:00,2022-01-17 0:00,1,714525-166824,20,JDQ4MTYyMiM1MSMkMSMkNCMkOTIkNDgxNzAyIzExIyQxIyQzIyQ3OSQyNjEyMjIjNTEjJDEjJDIjJDgz
2021-09-30 0:00,2021-10-28 0:00,1,715172-194152,10,JDQ4MTYyMiM1MSMkMSMkNCMkOTIkNDgxNzAyIzExIyQxIyQzIyQ3OSQyNjEyMjIjNTEjJDEjJDIjJDgz
2021-11-02 0:00,2021-11-30 0:00,1,716433-216382,10,JDQ4MTYyMiM1MSMkMSMkNCMkOTIkNDgxNzAyIzExIyQxIyQzIyQ3OSQyNjEyMjIjNTEjJDEjJDIjJDgz
2021-09-10 0:00,2021-10-08 0:00,1,716913-289008,40,JDQ4MTYyMiM1MSMkMSMkNCMkOTIkNDgxNzAyIzExIyQxIyQzIyQ3OSQyNjEyMjIjNTEjJDEjJDIjJDgz
2021-08-19 0:00,2021-09-16 0:00,1,717605-132656,40,JDQ4MTYyMiM1MSMkMSMkNCMkOTIkNDgxNzAyIzExIyQxIyQzIyQ3OSQyNjEyMjIjNTEjJDEjJDIjJDgz
2021-08-15 0:00,2021-09-12 0:00,1,718847-187017,10,JDQ4MTYyMiM1MSMkMSMkNCMkOTIkNDgxNzAyIzExIyQxIyQzIyQ3OSQyNjEyMjIjNTEjJDEjJDIjJDgz
2021-12-07 0:00,2022-01-04 0:00,0,719511-125045,20,JDQ4MTYyMiM1MSMkMSMkNCMkOTIkNDgxNzAyIzExIyQxIyQzIyQ3OSQyNjEyMjIjNTEjJDEjJDIjJDgz
2021-10-05 0:00,2021-11-02 0:00,0,719741-273822,40,JDQ4MTYyMiM1MSMkMSMkNCMkOTIkNDgxNzAyIzExIyQxIyQzIyQ3OSQyNjEyMjIjNTEjJDEjJDIjJDgz
2021-11-28 0:00,2021-12-26 0:00,1,720063-283823,10,JDQ4MTYyMiM1MSMkMSMkNCMkOTIkNDgxNzAyIzExIyQxIyQzIyQ3OSQyNjEyMjIjNTEjJDEjJDIjJDgz
2021-11-01 0:00,2021-11-29 0:00,1,720183-263729,40,JDQ4MTYyMiM1MSMkMSMkNCMkOTIkNDgxNzAyIzExIyQxIyQzIyQ3OSQyNjEyMjIjNTEjJDEjJDIjJDgz
2021-10-25 0:00,2021-11-22 0:00,0,720883-248072,40,JDQ4MTYyMiM1MSMkMSMkNCMkOTIkNDgxNzAyIzExIyQxIyQzIyQ3OSQyNjEyMjIjNTEjJDEjJDIjJDgz
2021-09-04 0:00,2021-10-02 0:00,0,724541-140769,10,JDQ4MTYyMiM1MSMkMSMkNCMkOTIkNDgxNzAyIzExIyQxIyQzIyQ3OSQyNjEyMjIjNTEjJDEjJDIjJDgz
2021-09-09 0:00,2021-10-07 0:00,0,725763-146292,40,JDQ4MTYyMiM1MSMkMSMkNCMkOTIkNDgxNzAyIzExIyQxIyQzIyQ3OSQyNjEyMjIjNTEjJDEjJDIjJDgz
2021-11-17 0:00,2021-12-15 0:00,1,730826-218814,10,JDQ4MTYyMiM1MSMkMSMkNCMkOTIkNDgxNzAyIzExIyQxIyQzIyQ3OSQyNjEyMjIjNTEjJDEjJDIjJDgz
2021-12-19 0:00,2022-01-16 0:00,0,731355-285534,10,JDQ4MTYyMiM1MSMkMSMkNCMkOTIkNDgxNzAyIzExIyQxIyQzIyQ3OSQyNjEyMjIjNTEjJDEjJDIjJDgz
2021-09-08 0:00,2021-10-06 0:00,0,734740-209198,10,JDQ4MTYyMiM1MSMkMSMkNCMkOTIkNDgxNzAyIzExIyQxIyQzIyQ3OSQyNjEyMjIjNTEjJDEjJDIjJDgz
2021-11-20 0:00,2021-12-18 0:00,1,735539-275621,40,JDQ4MTYyMiM1MSMkMSMkNCMkOTIkNDgxNzAyIzExIyQxIyQzIyQ3OSQyNjEyMjIjNTEjJDEjJDIjJDgz
2021-09-22 0:00,2021-10-20 0:00,1,739712-266761,10,JDQ4MTYyMiM1MSMkMSMkNCMkOTIkNDgxNzAyIzExIyQxIyQzIyQ3OSQyNjEyMjIjNTEjJDEjJDIjJDgz
2021-11-22 0:00,2021-12-20 0:00,1,741262-263511,20,JDQ4MTYyMiM1MSMkMSMkNCMkOTIkNDgxNzAyIzExIyQxIyQzIyQ3OSQyNjEyMjIjNTEjJDEjJDIjJDgz
2021-08-02 0:00,2021-08-30 0:00,1,742017-106333,40,JDQ4MTYyMiM1MSMkMSMkNCMkOTIkNDgxNzAyIzExIyQxIyQzIyQ3OSQyNjEyMjIjNTEjJDEjJDIjJDgz
2021-11-18 0:00,2021-12-16 0:00,0,742782-247467,20,JDQ4MTYyMiM1MSMkMSMkNCMkOTIkNDgxNzAyIzExIyQxIyQzIyQ3OSQyNjEyMjIjNTEjJDEjJDIjJDgz
2021-10-31 0:00,2021-11-28 0:00,1,745256-286655,40,JDQ4MTYyMiM1MSMkMSMkNCMkOTIkNDgxNzAyIzExIyQxIyQzIyQ3OSQyNjEyMjIjNTEjJDEjJDIjJDgz
2021-11-25 0:00,2021-12-23 0:00,1,748080-134323,40,JDQ4MTYyMiM1MSMkMSMkNCMkOTIkNDgxNzAyIzExIyQxIyQzIyQ3OSQyNjEyMjIjNTEjJDEjJDIjJDgz
2021-09-23 0:00,2021-10-21 0:00,1,752254-178399,40,JDQ4MTYyMiM1MSMkMSMkNCMkOTIkNDgxNzAyIzExIyQxIyQzIyQ3OSQyNjEyMjIjNTEjJDEjJDIjJDgz
2021-08-29 0:00,2021-09-26 0:00,1,755758-123343,20,JDQ4MTYyMiM1MSMkMSMkNCMkOTIkNDgxNzAyIzExIyQxIyQzIyQ3OSQyNjEyMjIjNTEjJDEjJDIjJDgz
2021-09-17 0:00,2021-10-15 0:00,1,759370-196423,10,JDQ4MTYyMiM1MSMkMSMkNCMkOTIkNDgxNzAyIzExIyQxIyQzIyQ3OSQyNjEyMjIjNTEjJDEjJDIjJDgz
2021-09-24 0:00,2021-10-22 0:00,0,760193-135017,10,JDQ4MTYyMiM1MSMkMSMkNCMkOTIkNDgxNzAyIzExIyQxIyQzIyQ3OSQyNjEyMjIjNTEjJDEjJDIjJDgz
2021-09-02 0:00,2021-09-30 0:00,0,761459-108736,20,JDQ4MTYyMiM1MSMkMSMkNCMkOTIkNDgxNzAyIzExIyQxIyQzIyQ3OSQyNjEyMjIjNTEjJDEjJDIjJDgz
2021-12-26 0:00,2022-01-23 0:00,1,762381-123441,40,JDQ4MTYyMiM1MSMkMSMkNCMkOTIkNDgxNzAyIzExIyQxIyQzIyQ3OSQyNjEyMjIjNTEjJDEjJDIjJDgz
2021-11-07 0:00,2021-12-05 0:00,1,763341-258085,40,JDQ4MTYyMiM1MSMkMSMkNCMkOTIkNDgxNzAyIzExIyQxIyQzIyQ3OSQyNjEyMjIjNTEjJDEjJDIjJDgz
2021-11-24 0:00,2021-12-22 0:00,0,763370-281973,20,JDQ4MTYyMiM1MSMkMSMkNCMkOTIkNDgxNzAyIzExIyQxIyQzIyQ3OSQyNjEyMjIjNTEjJDEjJDIjJDgz
2021-08-15 0:00,2021-09-12 0:00,1,763681-198246,10,JDQ4MTYyMiM1MSMkMSMkNCMkOTIkNDgxNzAyIzExIyQxIyQzIyQ3OSQyNjEyMjIjNTEjJDEjJDIjJDgz
2021-10-20 0:00,2021-11-17 0:00,1,764066-170580,10,JDQ4MTYyMiM1MSMkMSMkNCMkOTIkNDgxNzAyIzExIyQxIyQzIyQ3OSQyNjEyMjIjNTEjJDEjJDIjJDgz
2021-12-13 0:00,2022-01-10 0:00,0,764364-176087,40,JDQ4MTYyMiM1MSMkMSMkNCMkOTIkNDgxNzAyIzExIyQxIyQzIyQ3OSQyNjEyMjIjNTEjJDEjJDIjJDgz
2021-12-25 0:00,2022-01-22 0:00,0,765360-297527,10,JDQ4MTYyMiM1MSMkMSMkNCMkOTIkNDgxNzAyIzExIyQxIyQzIyQ3OSQyNjEyMjIjNTEjJDEjJDIjJDgz
2021-10-23 0:00,2021-11-20 0:00,1,766574-183761,10,JDQ4MTYyMiM1MSMkMSMkNCMkOTIkNDgxNzAyIzExIyQxIyQzIyQ3OSQyNjEyMjIjNTEjJDEjJDIjJDgz
2021-12-26 0:00,2022-01-23 0:00,0,767232-144341,10,JDQ4MTYyMiM1MSMkMSMkNCMkOTIkNDgxNzAyIzExIyQxIyQzIyQ3OSQyNjEyMjIjNTEjJDEjJDIjJDgz
2021-12-10 0:00,2022-01-07 0:00,1,767841-147872,40,JDQ4MTYyMiM1MSMkMSMkNCMkOTIkNDgxNzAyIzExIyQxIyQzIyQ3OSQyNjEyMjIjNTEjJDEjJDIjJDgz
2021-12-06 0:00,2022-01-03 0:00,1,768823-286350,10,JDQ4MTYyMiM1MSMkMSMkNCMkOTIkNDgxNzAyIzExIyQxIyQzIyQ3OSQyNjEyMjIjNTEjJDEjJDIjJDgz
2021-11-14 0:00,2021-12-12 0:00,1,769557-203724,40,JDQ4MTYyMiM1MSMkMSMkNCMkOTIkNDgxNzAyIzExIyQxIyQzIyQ3OSQyNjEyMjIjNTEjJDEjJDIjJDgz
2021-11-11 0:00,2021-12-09 0:00,1,770200-111570,10,JDQ4MTYyMiM1MSMkMSMkNCMkOTIkNDgxNzAyIzExIyQxIyQzIyQ3OSQyNjEyMjIjNTEjJDEjJDIjJDgz
2021-11-12 0:00,2021-12-10 0:00,1,772251-108450,10,JDQ4MTYyMiM1MSMkMSMkNCMkOTIkNDgxNzAyIzExIyQxIyQzIyQ3OSQyNjEyMjIjNTEjJDEjJDIjJDgz
2021-08-11 0:00,2021-09-08 0:00,1,772737-151291,20,JDQ4MTYyMiM1MSMkMSMkNCMkOTIkNDgxNzAyIzExIyQxIyQzIyQ3OSQyNjEyMjIjNTEjJDEjJDIjJDgz
2021-11-10 0:00,2021-12-08 0:00,1,773828-289652,10,JDQ4MTYyMiM1MSMkMSMkNCMkOTIkNDgxNzAyIzExIyQxIyQzIyQ3OSQyNjEyMjIjNTEjJDEjJDIjJDgz
2021-08-27 0:00,2021-09-24 0:00,1,775506-189140,10,JDQ4MTYyMiM1MSMkMSMkNCMkOTIkNDgxNzAyIzExIyQxIyQzIyQ3OSQyNjEyMjIjNTEjJDEjJDIjJDgz
2021-10-09 0:00,2021-11-06 0:00,0,776134-270442,40,JDQ4MTYyMiM1MSMkMSMkNCMkOTIkNDgxNzAyIzExIyQxIyQzIyQ3OSQyNjEyMjIjNTEjJDEjJDIjJDgz
2021-08-24 0:00,2021-09-21 0:00,0,777935-267725,10,JDQ4MTYyMiM1MSMkMSMkNCMkOTIkNDgxNzAyIzExIyQxIyQzIyQ3OSQyNjEyMjIjNTEjJDEjJDIjJDgz
2021-10-11 0:00,2021-11-08 0:00,1,778166-234814,20,JDQ4MTYyMiM1MSMkMSMkNCMkOTIkNDgxNzAyIzExIyQxIyQzIyQ3OSQyNjEyMjIjNTEjJDEjJDIjJDgz
2021-12-06 0:00,2022-01-03 0:00,0,781921-298945,40,JDQ4MTYyMiM1MSMkMSMkNCMkOTIkNDgxNzAyIzExIyQxIyQzIyQ3OSQyNjEyMjIjNTEjJDEjJDIjJDgz
2021-10-01 0:00,2021-10-29 0:00,1,782890-146578,10,JDQ4MTYyMiM1MSMkMSMkNCMkOTIkNDgxNzAyIzExIyQxIyQzIyQ3OSQyNjEyMjIjNTEjJDEjJDIjJDgz
2021-11-16 0:00,2021-12-14 0:00,1,784566-143940,10,JDQ4MTYyMiM1MSMkMSMkNCMkOTIkNDgxNzAyIzExIyQxIyQzIyQ3OSQyNjEyMjIjNTEjJDEjJDIjJDgz
2021-12-25 0:00,2022-01-22 0:00,1,785210-243629,10,JDQ4MTYyMiM1MSMkMSMkNCMkOTIkNDgxNzAyIzExIyQxIyQzIyQ3OSQyNjEyMjIjNTEjJDEjJDIjJDgz
2021-09-02 0:00,2021-09-30 0:00,0,785730-182376,10,JDQ4MTYyMiM1MSMkMSMkNCMkOTIkNDgxNzAyIzExIyQxIyQzIyQ3OSQyNjEyMjIjNTEjJDEjJDIjJDgz
2021-08-28 0:00,2021-09-25 0:00,0,787455-132161,10,JDQ4MTYyMiM1MSMkMSMkNCMkOTIkNDgxNzAyIzExIyQxIyQzIyQ3OSQyNjEyMjIjNTEjJDEjJDIjJDgz
2021-10-07 0:00,2021-11-04 0:00,0,788209-175609,40,JDQ4MTYyMiM1MSMkMSMkNCMkOTIkNDgxNzAyIzExIyQxIyQzIyQ3OSQyNjEyMjIjNTEjJDEjJDIjJDgz
2021-11-13 0:00,2021-12-11 0:00,1,791537-110999,40,JDQ4MTYyMiM1MSMkMSMkNCMkOTIkNDgxNzAyIzExIyQxIyQzIyQ3OSQyNjEyMjIjNTEjJDEjJDIjJDgz
2021-10-09 0:00,2021-11-06 0:00,0,793830-288230,10,JDQ4MTYyMiM1MSMkMSMkNCMkOTIkNDgxNzAyIzExIyQxIyQzIyQ3OSQyNjEyMjIjNTEjJDEjJDIjJDgz
2021-08-12 0:00,2021-09-09 0:00,1,794156-156052,40,JDQ4MTYyMiM1MSMkMSMkNCMkOTIkNDgxNzAyIzExIyQxIyQzIyQ3OSQyNjEyMjIjNTEjJDEjJDIjJDgz
2021-10-20 0:00,2021-11-17 0:00,1,796268-289297,10,JDQ4MTYyMiM1MSMkMSMkNCMkOTIkNDgxNzAyIzExIyQxIyQzIyQ3OSQyNjEyMjIjNTEjJDEjJDIjJDgz
2021-10-05 0:00,2021-11-02 0:00,1,797115-290012,20,JDQ4MTYyMiM1MSMkMSMkNCMkOTIkNDgxNzAyIzExIyQxIyQzIyQ3OSQyNjEyMjIjNTEjJDEjJDIjJDgz
2021-09-30 0:00,2021-10-28 0:00,1,798971-290663,40,JDQ4MTYyMiM1MSMkMSMkNCMkOTIkNDgxNzAyIzExIyQxIyQzIyQ3OSQyNjEyMjIjNTEjJDEjJDIjJDgz
2021-08-26 0:00,2021-09-23 0:00,0,800849-264919,10,JDQ4MTYyMiM1MSMkMSMkNCMkOTIkNDgxNzAyIzExIyQxIyQzIyQ3OSQyNjEyMjIjNTEjJDEjJDIjJDgz
2021-10-04 0:00,2021-11-01 0:00,0,801623-111709,10,JDQ4MTYyMiM1MSMkMSMkNCMkOTIkNDgxNzAyIzExIyQxIyQzIyQ3OSQyNjEyMjIjNTEjJDEjJDIjJDgz
2021-10-15 0:00,2021-11-12 0:00,0,803281-254459,10,JDQ4MTYyMiM1MSMkMSMkNCMkOTIkNDgxNzAyIzExIyQxIyQzIyQ3OSQyNjEyMjIjNTEjJDEjJDIjJDgz
2021-09-12 0:00,2021-10-10 0:00,0,804558-230179,10,JDQ4MTYyMiM1MSMkMSMkNCMkOTIkNDgxNzAyIzExIyQxIyQzIyQ3OSQyNjEyMjIjNTEjJDEjJDIjJDgz
2021-09-05 0:00,2021-10-03 0:00,0,805668-278509,20,JDQ4MTYyMiM1MSMkMSMkNCMkOTIkNDgxNzAyIzExIyQxIyQzIyQ3OSQyNjEyMjIjNTEjJDEjJDIjJDgz
2021-09-03 0:00,2021-10-01 0:00,1,806276-185994,40,JDQ4MTYyMiM1MSMkMSMkNCMkOTIkNDgxNzAyIzExIyQxIyQzIyQ3OSQyNjEyMjIjNTEjJDEjJDIjJDgz
2021-12-08 0:00,2022-01-05 0:00,0,809900-155459,10,JDQ4MTYyMiM1MSMkMSMkNCMkOTIkNDgxNzAyIzExIyQxIyQzIyQ3OSQyNjEyMjIjNTEjJDEjJDIjJDgz
2021-09-04 0:00,2021-10-02 0:00,0,816529-117211,10,JDQ4MTYyMiM1MSMkMSMkNCMkOTIkNDgxNzAyIzExIyQxIyQzIyQ3OSQyNjEyMjIjNTEjJDEjJDIjJDgz
2021-10-17 0:00,2021-11-14 0:00,0,817905-267823,40,JDQ4MTYyMiM1MSMkMSMkNCMkOTIkNDgxNzAyIzExIyQxIyQzIyQ3OSQyNjEyMjIjNTEjJDEjJDIjJDgz
2021-08-05 0:00,2021-09-02 0:00,0,818696-257549,10,JDQ4MTYyMiM1MSMkMSMkNCMkOTIkNDgxNzAyIzExIyQxIyQzIyQ3OSQyNjEyMjIjNTEjJDEjJDIjJDgz
2021-12-05 0:00,2022-01-02 0:00,1,819546-219051,20,JDQ4MTYyMiM1MSMkMSMkNCMkOTIkNDgxNzAyIzExIyQxIyQzIyQ3OSQyNjEyMjIjNTEjJDEjJDIjJDgz
2021-11-11 0:00,2021-12-09 0:00,1,819979-114108,10,JDQ4MTYyMiM1MSMkMSMkNCMkOTIkNDgxNzAyIzExIyQxIyQzIyQ3OSQyNjEyMjIjNTEjJDEjJDIjJDgz
2021-11-22 0:00,2021-12-20 0:00,1,820807-113029,10,JDQ4MTYyMiM1MSMkMSMkNCMkOTIkNDgxNzAyIzExIyQxIyQzIyQ3OSQyNjEyMjIjNTEjJDEjJDIjJDgz
2021-09-21 0:00,2021-10-19 0:00,1,824191-224792,20,JDQ4MTYyMiM1MSMkMSMkNCMkOTIkNDgxNzAyIzExIyQxIyQzIyQ3OSQyNjEyMjIjNTEjJDEjJDIjJDgz
2021-09-20 0:00,2021-10-18 0:00,1,825889-163436,20,JDQ4MTYyMiM1MSMkMSMkNCMkOTIkNDgxNzAyIzExIyQxIyQzIyQ3OSQyNjEyMjIjNTEjJDEjJDIjJDgz
2021-09-07 0:00,2021-10-05 0:00,1,825999-160756,10,JDQ4MTYyMiM1MSMkMSMkNCMkOTIkNDgxNzAyIzExIyQxIyQzIyQ3OSQyNjEyMjIjNTEjJDEjJDIjJDgz
2021-09-04 0:00,2021-10-02 0:00,0,827383-130626,10,JDQ4MTYyMiM1MSMkMSMkNCMkOTIkNDgxNzAyIzExIyQxIyQzIyQ3OSQyNjEyMjIjNTEjJDEjJDIjJDgz
2021-08-20 0:00,2021-09-17 0:00,1,827840-181965,40,JDQ4MTYyMiM1MSMkMSMkNCMkOTIkNDgxNzAyIzExIyQxIyQzIyQ3OSQyNjEyMjIjNTEjJDEjJDIjJDgz
2021-11-06 0:00,2021-12-04 0:00,1,830032-279325,20,JDQ4MTYyMiM1MSMkMSMkNCMkOTIkNDgxNzAyIzExIyQxIyQzIyQ3OSQyNjEyMjIjNTEjJDEjJDIjJDgz
2021-10-10 0:00,2021-11-07 0:00,0,830663-176866,10,JDQ4MTYyMiM1MSMkMSMkNCMkOTIkNDgxNzAyIzExIyQxIyQzIyQ3OSQyNjEyMjIjNTEjJDEjJDIjJDgz
2021-09-13 0:00,2021-10-11 0:00,0,831710-191154,20,JDQ4MTYyMiM1MSMkMSMkNCMkOTIkNDgxNzAyIzExIyQxIyQzIyQ3OSQyNjEyMjIjNTEjJDEjJDIjJDgz
2021-09-18 0:00,2021-10-16 0:00,0,833854-112749,20,JDQ4MTYyMiM1MSMkMSMkNCMkOTIkNDgxNzAyIzExIyQxIyQzIyQ3OSQyNjEyMjIjNTEjJDEjJDIjJDgz
2021-10-28 0:00,2021-11-25 0:00,1,834302-264514,10,JDQ4MTYyMiM1MSMkMSMkNCMkOTIkNDgxNzAyIzExIyQxIyQzIyQ3OSQyNjEyMjIjNTEjJDEjJDIjJDgz
2021-09-13 0:00,2021-10-11 0:00,0,834695-260624,20,JDQ4MTYyMiM1MSMkMSMkNCMkOTIkNDgxNzAyIzExIyQxIyQzIyQ3OSQyNjEyMjIjNTEjJDEjJDIjJDgz
2021-09-20 0:00,2021-10-18 0:00,1,835088-294941,10,JDQ4MTYyMiM1MSMkMSMkNCMkOTIkNDgxNzAyIzExIyQxIyQzIyQ3OSQyNjEyMjIjNTEjJDEjJDIjJDgz
2021-10-05 0:00,2021-11-02 0:00,0,835754-297239,20,JDQ4MTYyMiM1MSMkMSMkNCMkOTIkNDgxNzAyIzExIyQxIyQzIyQ3OSQyNjEyMjIjNTEjJDEjJDIjJDgz
2021-09-06 0:00,2021-10-04 0:00,0,836276-267415,20,JDQ4MTYyMiM1MSMkMSMkNCMkOTIkNDgxNzAyIzExIyQxIyQzIyQ3OSQyNjEyMjIjNTEjJDEjJDIjJDgz
2021-12-28 0:00,2022-01-25 0:00,0,836657-131755,40,JDQ4MTYyMiM1MSMkMSMkNCMkOTIkNDgxNzAyIzExIyQxIyQzIyQ3OSQyNjEyMjIjNTEjJDEjJDIjJDgz
2021-09-15 0:00,2021-10-13 0:00,1,836697-180156,20,JDQ4MTYyMiM1MSMkMSMkNCMkOTIkNDgxNzAyIzExIyQxIyQzIyQ3OSQyNjEyMjIjNTEjJDEjJDIjJDgz
2021-10-22 0:00,2021-11-19 0:00,0,836865-224020,40,JDQ4MTYyMiM1MSMkMSMkNCMkOTIkNDgxNzAyIzExIyQxIyQzIyQ3OSQyNjEyMjIjNTEjJDEjJDIjJDgz
2021-12-09 0:00,2022-01-06 0:00,0,836878-291512,40,JDQ4MTYyMiM1MSMkMSMkNCMkOTIkNDgxNzAyIzExIyQxIyQzIyQ3OSQyNjEyMjIjNTEjJDEjJDIjJDgz
2021-08-21 0:00,2021-09-18 0:00,0,837567-116571,20,JDQ4MTYyMiM1MSMkMSMkNCMkOTIkNDgxNzAyIzExIyQxIyQzIyQ3OSQyNjEyMjIjNTEjJDEjJDIjJDgz
2021-11-19 0:00,2021-12-17 0:00,0,840340-258973,20,JDQ4MTYyMiM1MSMkMSMkNCMkOTIkNDgxNzAyIzExIyQxIyQzIyQ3OSQyNjEyMjIjNTEjJDEjJDIjJDgz
2021-10-23 0:00,2021-11-20 0:00,0,840504-268052,20,JDQ4MTYyMiM1MSMkMSMkNCMkOTIkNDgxNzAyIzExIyQxIyQzIyQ3OSQyNjEyMjIjNTEjJDEjJDIjJDgz
2021-09-05 0:00,2021-10-03 0:00,0,840729-123691,10,JDQ4MTYyMiM1MSMkMSMkNCMkOTIkNDgxNzAyIzExIyQxIyQzIyQ3OSQyNjEyMjIjNTEjJDEjJDIjJDgz
2021-08-27 0:00,2021-09-24 0:00,1,841647-245727,40,JDQ4MTYyMiM1MSMkMSMkNCMkOTIkNDgxNzAyIzExIyQxIyQzIyQ3OSQyNjEyMjIjNTEjJDEjJDIjJDgz
2021-10-21 0:00,2021-11-18 0:00,0,841694-128034,40,JDQ4MTYyMiM1MSMkMSMkNCMkOTIkNDgxNzAyIzExIyQxIyQzIyQ3OSQyNjEyMjIjNTEjJDEjJDIjJDgz
2021-10-23 0:00,2021-11-20 0:00,1,844806-143994,20,JDQ4MTYyMiM1MSMkMSMkNCMkOTIkNDgxNzAyIzExIyQxIyQzIyQ3OSQyNjEyMjIjNTEjJDEjJDIjJDgz
2021-12-12 0:00,2022-01-09 0:00,1,850624-146106,20,JDQ4MTYyMiM1MSMkMSMkNCMkOTIkNDgxNzAyIzExIyQxIyQzIyQ3OSQyNjEyMjIjNTEjJDEjJDIjJDgz
2021-10-16 0:00,2021-11-13 0:00,1,850707-204784,20,JDQ4MTYyMiM1MSMkMSMkNCMkOTIkNDgxNzAyIzExIyQxIyQzIyQ3OSQyNjEyMjIjNTEjJDEjJDIjJDgz
2021-11-07 0:00,2021-12-05 0:00,0,850902-222566,10,JDQ4MTYyMiM1MSMkMSMkNCMkOTIkNDgxNzAyIzExIyQxIyQzIyQ3OSQyNjEyMjIjNTEjJDEjJDIjJDgz
2021-08-22 0:00,2021-09-19 0:00,0,851025-204839,20,JDQ4MTYyMiM1MSMkMSMkNCMkOTIkNDgxNzAyIzExIyQxIyQzIyQ3OSQyNjEyMjIjNTEjJDEjJDIjJDgz
2021-10-30 0:00,2021-11-27 0:00,1,851727-179076,20,JDQ4MTYyMiM1MSMkMSMkNCMkOTIkNDgxNzAyIzExIyQxIyQzIyQ3OSQyNjEyMjIjNTEjJDEjJDIjJDgz
2021-12-18 0:00,2022-01-15 0:00,0,854089-181298,20,JDQ4MTYyMiM1MSMkMSMkNCMkOTIkNDgxNzAyIzExIyQxIyQzIyQ3OSQyNjEyMjIjNTEjJDEjJDIjJDgz
2021-11-04 0:00,2021-12-02 0:00,0,854729-191285,40,JDQ4MTYyMiM1MSMkMSMkNCMkOTIkNDgxNzAyIzExIyQxIyQzIyQ3OSQyNjEyMjIjNTEjJDEjJDIjJDgz
2021-09-03 0:00,2021-10-01 0:00,0,855623-287094,10,JDQ4MTYyMiM1MSMkMSMkNCMkOTIkNDgxNzAyIzExIyQxIyQzIyQ3OSQyNjEyMjIjNTEjJDEjJDIjJDgz
2021-09-29 0:00,2021-10-27 0:00,1,856976-231011,20,JDQ4MTYyMiM1MSMkMSMkNCMkOTIkNDgxNzAyIzExIyQxIyQzIyQ3OSQyNjEyMjIjNTEjJDEjJDIjJDgz
2021-10-08 0:00,2021-11-05 0:00,0,858034-194499,20,JDQ4MTYyMiM1MSMkMSMkNCMkOTIkNDgxNzAyIzExIyQxIyQzIyQ3OSQyNjEyMjIjNTEjJDEjJDIjJDgz
2021-09-04 0:00,2021-10-02 0:00,1,858724-279850,10,JDQ4MTYyMiM1MSMkMSMkNCMkOTIkNDgxNzAyIzExIyQxIyQzIyQ3OSQyNjEyMjIjNTEjJDEjJDIjJDgz
2021-09-29 0:00,2021-10-27 0:00,0,860429-158701,20,JDQ4MTYyMiM1MSMkMSMkNCMkOTIkNDgxNzAyIzExIyQxIyQzIyQ3OSQyNjEyMjIjNTEjJDEjJDIjJDgz
2021-12-18 0:00,2022-01-15 0:00,1,860982-252721,20,JDQ4MTYyMiM1MSMkMSMkNCMkOTIkNDgxNzAyIzExIyQxIyQzIyQ3OSQyNjEyMjIjNTEjJDEjJDIjJDgz
2021-09-23 0:00,2021-10-21 0:00,1,863943-154907,20,JDQ4MTYyMiM1MSMkMSMkNCMkOTIkNDgxNzAyIzExIyQxIyQzIyQ3OSQyNjEyMjIjNTEjJDEjJDIjJDgz
2021-09-24 0:00,2021-10-22 0:00,1,865922-172477,10,JDQ4MTYyMiM1MSMkMSMkNCMkOTIkNDgxNzAyIzExIyQxIyQzIyQ3OSQyNjEyMjIjNTEjJDEjJDIjJDgz
2021-10-02 0:00,2021-10-30 0:00,1,866016-236967,40,JDQ4MTYyMiM1MSMkMSMkNCMkOTIkNDgxNzAyIzExIyQxIyQzIyQ3OSQyNjEyMjIjNTEjJDEjJDIjJDgz
2021-10-30 0:00,2021-11-27 0:00,1,867600-295921,10,JDQ4MTYyMiM1MSMkMSMkNCMkOTIkNDgxNzAyIzExIyQxIyQzIyQ3OSQyNjEyMjIjNTEjJDEjJDIjJDgz
2021-08-02 0:00,2021-08-30 0:00,1,868498-168131,20,JDQ4MTYyMiM1MSMkMSMkNCMkOTIkNDgxNzAyIzExIyQxIyQzIyQ3OSQyNjEyMjIjNTEjJDEjJDIjJDgz
2021-10-09 0:00,2021-11-06 0:00,0,870196-126975,20,JDQ4MTYyMiM1MSMkMSMkNCMkOTIkNDgxNzAyIzExIyQxIyQzIyQ3OSQyNjEyMjIjNTEjJDEjJDIjJDgz
2021-10-13 0:00,2021-11-10 0:00,0,870299-281834,10,JDQ4MTYyMiM1MSMkMSMkNCMkOTIkNDgxNzAyIzExIyQxIyQzIyQ3OSQyNjEyMjIjNTEjJDEjJDIjJDgz
2021-10-30 0:00,2021-11-27 0:00,0,871010-201259,10,JDQ4MTYyMiM1MSMkMSMkNCMkOTIkNDgxNzAyIzExIyQxIyQzIyQ3OSQyNjEyMjIjNTEjJDEjJDIjJDgz
2021-08-22 0:00,2021-09-19 0:00,1,871742-283732,20,JDQ4MTYyMiM1MSMkMSMkNCMkOTIkNDgxNzAyIzExIyQxIyQzIyQ3OSQyNjEyMjIjNTEjJDEjJDIjJDgz
2021-10-29 0:00,2021-11-26 0:00,1,872454-140356,10,JDQ4MTYyMiM1MSMkMSMkNCMkOTIkNDgxNzAyIzExIyQxIyQzIyQ3OSQyNjEyMjIjNTEjJDEjJDIjJDgz
2021-12-03 0:00,2021-12-31 0:00,1,873076-181274,20,JDQ4MTYyMiM1MSMkMSMkNCMkOTIkNDgxNzAyIzExIyQxIyQzIyQ3OSQyNjEyMjIjNTEjJDEjJDIjJDgz
2021-10-21 0:00,2021-11-18 0:00,0,873188-137307,40,JDQ4MTYyMiM1MSMkMSMkNCMkOTIkNDgxNzAyIzExIyQxIyQzIyQ3OSQyNjEyMjIjNTEjJDEjJDIjJDgz
2021-10-13 0:00,2021-11-10 0:00,1,873874-241101,40,JDQ4MTYyMiM1MSMkMSMkNCMkOTIkNDgxNzAyIzExIyQxIyQzIyQ3OSQyNjEyMjIjNTEjJDEjJDIjJDgz
2021-12-16 0:00,2022-01-13 0:00,0,874857-275108,10,JDQ4MTYyMiM1MSMkMSMkNCMkOTIkNDgxNzAyIzExIyQxIyQzIyQ3OSQyNjEyMjIjNTEjJDEjJDIjJDgz
2021-10-06 0:00,2021-11-03 0:00,0,876927-132176,40,JDQ4MTYyMiM1MSMkMSMkNCMkOTIkNDgxNzAyIzExIyQxIyQzIyQ3OSQyNjEyMjIjNTEjJDEjJDIjJDgz
2021-08-12 0:00,2021-09-09 0:00,0,880491-119701,40,JDQ4MTYyMiM1MSMkMSMkNCMkOTIkNDgxNzAyIzExIyQxIyQzIyQ3OSQyNjEyMjIjNTEjJDEjJDIjJDgz
2021-08-12 0:00,2021-09-09 0:00,0,881207-111460,10,JDQ4MTYyMiM1MSMkMSMkNCMkOTIkNDgxNzAyIzExIyQxIyQzIyQ3OSQyNjEyMjIjNTEjJDEjJDIjJDgz
2021-10-23 0:00,2021-11-20 0:00,1,881627-213845,10,JDQ4MTYyMiM1MSMkMSMkNCMkOTIkNDgxNzAyIzExIyQxIyQzIyQ3OSQyNjEyMjIjNTEjJDEjJDIjJDgz
2021-11-04 0:00,2021-12-06 0:00,0,882403-195636,10,JDQ4MTYyMiM1MSMkMSMkNCMkOTIkNDgxNzAyIzExIyQxIyQzIyQ3OSQyNjEyMjIjNTEjJDEjJDIjJDgz
2021-08-09 0:00,2021-09-06 0:00,1,882553-193201,20,JDQ4MTYyMiM1MSMkMSMkNCMkOTIkNDgxNzAyIzExIyQxIyQzIyQ3OSQyNjEyMjIjNTEjJDEjJDIjJDgz
2021-11-05 0:00,2021-12-03 0:00,0,882673-246925,10,JDQ4MTYyMiM1MSMkMSMkNCMkOTIkNDgxNzAyIzExIyQxIyQzIyQ3OSQyNjEyMjIjNTEjJDEjJDIjJDgz
2021-09-11 0:00,2021-10-09 0:00,0,883831-281471,10,JDQ4MTYyMiM1MSMkMSMkNCMkOTIkNDgxNzAyIzExIyQxIyQzIyQ3OSQyNjEyMjIjNTEjJDEjJDIjJDgz
2021-11-23 0:00,2021-12-21 0:00,1,884233-136099,10,JDQ4MTYyMiM1MSMkMSMkNCMkOTIkNDgxNzAyIzExIyQxIyQzIyQ3OSQyNjEyMjIjNTEjJDEjJDIjJDgz
2021-08-13 0:00,2021-09-10 0:00,0,889635-239558,40,JDQ4MTYyMiM1MSMkMSMkNCMkOTIkNDgxNzAyIzExIyQxIyQzIyQ3OSQyNjEyMjIjNTEjJDEjJDIjJDgz
2021-09-24 0:00,2021-10-22 0:00,0,890436-109451,40,JDQ4MTYyMiM1MSMkMSMkNCMkOTIkNDgxNzAyIzExIyQxIyQzIyQ3OSQyNjEyMjIjNTEjJDEjJDIjJDgz
2021-11-16 0:00,2021-12-14 0:00,1,892227-121852,10,JDQ4MTYyMiM1MSMkMSMkNCMkOTIkNDgxNzAyIzExIyQxIyQzIyQ3OSQyNjEyMjIjNTEjJDEjJDIjJDgz
2021-12-07 0:00,2022-01-04 0:00,0,892945-110251,10,JDQ4MTYyMiM1MSMkMSMkNCMkOTIkNDgxNzAyIzExIyQxIyQzIyQ3OSQyNjEyMjIjNTEjJDEjJDIjJDgz
2021-09-10 0:00,2021-10-08 0:00,0,894142-211048,10,JDQ4MTYyMiM1MSMkMSMkNCMkOTIkNDgxNzAyIzExIyQxIyQzIyQ3OSQyNjEyMjIjNTEjJDEjJDIjJDgz
2021-09-11 0:00,2021-10-09 0:00,0,895086-105211,10,JDQ4MTYyMiM1MSMkMSMkNCMkOTIkNDgxNzAyIzExIyQxIyQzIyQ3OSQyNjEyMjIjNTEjJDEjJDIjJDgz
2021-08-04 0:00,2021-09-01 0:00,1,895829-191129,10,JDQ4MTYyMiM1MSMkMSMkNCMkOTIkNDgxNzAyIzExIyQxIyQzIyQ3OSQyNjEyMjIjNTEjJDEjJDIjJDgz
2021-11-10 0:00,2021-12-08 0:00,0,896680-279313,10,JDQ4MTYyMiM1MSMkMSMkNCMkOTIkNDgxNzAyIzExIyQxIyQzIyQ3OSQyNjEyMjIjNTEjJDEjJDIjJDgz
2021-11-12 0:00,2021-12-10 0:00,0,896715-189556,10,JDQ4MTYyMiM1MSMkMSMkNCMkOTIkNDgxNzAyIzExIyQxIyQzIyQ3OSQyNjEyMjIjNTEjJDEjJDIjJDgz
2021-08-14 0:00,2021-09-11 0:00,0,897422-135909,40,JDQ4MTYyMiM1MSMkMSMkNCMkOTIkNDgxNzAyIzExIyQxIyQzIyQ3OSQyNjEyMjIjNTEjJDEjJDIjJDgz
2021-11-22 0:00,2021-12-20 0:00,0,898979-132825,10,JDQ4MTYyMiM1MSMkMSMkNCMkOTIkNDgxNzAyIzExIyQxIyQzIyQ3OSQyNjEyMjIjNTEjJDEjJDIjJDgz
2021-10-02 0:00,2021-10-30 0:00,1,900782-232478,20,JDQ4MTYyMiM1MSMkMSMkNCMkOTIkNDgxNzAyIzExIyQxIyQzIyQ3OSQyNjEyMjIjNTEjJDEjJDIjJDgz
2021-08-05 0:00,2021-09-02 0:00,1,901533-137287,10,JDQ4MTYyMiM1MSMkMSMkNCMkOTIkNDgxNzAyIzExIyQxIyQzIyQ3OSQyNjEyMjIjNTEjJDEjJDIjJDgz
2021-09-29 0:00,2021-10-27 0:00,1,902052-297723,40,JDQ4MTYyMiM1MSMkMSMkNCMkOTIkNDgxNzAyIzExIyQxIyQzIyQ3OSQyNjEyMjIjNTEjJDEjJDIjJDgz
2021-12-26 0:00,2022-01-23 0:00,0,902346-174890,10,JDQ4MTYyMiM1MSMkMSMkNCMkOTIkNDgxNzAyIzExIyQxIyQzIyQ3OSQyNjEyMjIjNTEjJDEjJDIjJDgz
2021-11-21 0:00,2021-12-19 0:00,0,905594-184773,20,JDQ4MTYyMiM1MSMkMSMkNCMkOTIkNDgxNzAyIzExIyQxIyQzIyQ3OSQyNjEyMjIjNTEjJDEjJDIjJDgz
2021-08-29 0:00,2021-09-26 0:00,0,910434-286398,40,JDQ4MTYyMiM1MSMkMSMkNCMkOTIkNDgxNzAyIzExIyQxIyQzIyQ3OSQyNjEyMjIjNTEjJDEjJDIjJDgz
2021-09-01 0:00,2021-09-29 0:00,0,913611-233526,10,JDQ4MTYyMiM1MSMkMSMkNCMkOTIkNDgxNzAyIzExIyQxIyQzIyQ3OSQyNjEyMjIjNTEjJDEjJDIjJDgz
2021-10-24 0:00,2021-11-21 0:00,1,914863-152322,10,JDQ4MTYyMiM1MSMkMSMkNCMkOTIkNDgxNzAyIzExIyQxIyQzIyQ3OSQyNjEyMjIjNTEjJDEjJDIjJDgz
2021-09-17 0:00,2021-10-15 0:00,0,916592-156392,10,JDQ4MTYyMiM1MSMkMSMkNCMkOTIkNDgxNzAyIzExIyQxIyQzIyQ3OSQyNjEyMjIjNTEjJDEjJDIjJDgz
2021-11-06 0:00,2021-12-04 0:00,1,918194-217903,20,JDQ4MTYyMiM1MSMkMSMkNCMkOTIkNDgxNzAyIzExIyQxIyQzIyQ3OSQyNjEyMjIjNTEjJDEjJDIjJDgz
2021-08-18 0:00,2021-09-15 0:00,1,921185-172465,10,JDQ4MTYyMiM1MSMkMSMkNCMkOTIkNDgxNzAyIzExIyQxIyQzIyQ3OSQyNjEyMjIjNTEjJDEjJDIjJDgz
2021-11-10 0:00,2021-12-08 0:00,0,922883-139477,40,JDQ4MTYyMiM1MSMkMSMkNCMkOTIkNDgxNzAyIzExIyQxIyQzIyQ3OSQyNjEyMjIjNTEjJDEjJDIjJDgz
2021-10-02 0:00,2021-10-30 0:00,1,925618-186157,10,JDQ4MTYyMiM1MSMkMSMkNCMkOTIkNDgxNzAyIzExIyQxIyQzIyQ3OSQyNjEyMjIjNTEjJDEjJDIjJDgz
2021-08-29 0:00,2021-09-26 0:00,0,926302-269850,20,JDQ4MTYyMiM1MSMkMSMkNCMkOTIkNDgxNzAyIzExIyQxIyQzIyQ3OSQyNjEyMjIjNTEjJDEjJDIjJDgz
2021-11-15 0:00,2021-12-13 0:00,1,927727-116093,40,JDQ4MTYyMiM1MSMkMSMkNCMkOTIkNDgxNzAyIzExIyQxIyQzIyQ3OSQyNjEyMjIjNTEjJDEjJDIjJDgz
2021-12-28 0:00,2022-01-25 0:00,1,929086-224609,10,JDQ4MTYyMiM1MSMkMSMkNCMkOTIkNDgxNzAyIzExIyQxIyQzIyQ3OSQyNjEyMjIjNTEjJDEjJDIjJDgz
2021-10-24 0:00,2021-11-21 0:00,0,930181-185654,20,JDQ4MTYyMiM1MSMkMSMkNCMkOTIkNDgxNzAyIzExIyQxIyQzIyQ3OSQyNjEyMjIjNTEjJDEjJDIjJDgz
2021-09-28 0:00,2021-10-26 0:00,0,931551-188286,10,JDQ4MTYyMiM1MSMkMSMkNCMkOTIkNDgxNzAyIzExIyQxIyQzIyQ3OSQyNjEyMjIjNTEjJDEjJDIjJDgz
2021-08-24 0:00,2021-09-21 0:00,0,932432-272379,10,JDQ4MTYyMiM1MSMkMSMkNCMkOTIkNDgxNzAyIzExIyQxIyQzIyQ3OSQyNjEyMjIjNTEjJDEjJDIjJDgz
2021-08-07 0:00,2021-09-04 0:00,0,933387-175894,10,JDQ4MTYyMiM1MSMkMSMkNCMkOTIkNDgxNzAyIzExIyQxIyQzIyQ3OSQyNjEyMjIjNTEjJDEjJDIjJDgz
2021-09-25 0:00,2021-10-23 0:00,1,935896-158627,40,JDQ4MTYyMiM1MSMkMSMkNCMkOTIkNDgxNzAyIzExIyQxIyQzIyQ3OSQyNjEyMjIjNTEjJDEjJDIjJDgz
2021-10-28 0:00,2021-11-25 0:00,1,936893-276576,10,JDQ4MTYyMiM1MSMkMSMkNCMkOTIkNDgxNzAyIzExIyQxIyQzIyQ3OSQyNjEyMjIjNTEjJDEjJDIjJDgz
2021-11-30 0:00,2021-12-28 0:00,0,937321-133279,40,JDQ4MTYyMiM1MSMkMSMkNCMkOTIkNDgxNzAyIzExIyQxIyQzIyQ3OSQyNjEyMjIjNTEjJDEjJDIjJDgz
2021-08-05 0:00,2021-09-02 0:00,1,938832-242399,10,JDQ4MTYyMiM1MSMkMSMkNCMkOTIkNDgxNzAyIzExIyQxIyQzIyQ3OSQyNjEyMjIjNTEjJDEjJDIjJDgz
2021-09-26 0:00,2021-10-24 0:00,0,940096-186721,40,JDQ4MTYyMiM1MSMkMSMkNCMkOTIkNDgxNzAyIzExIyQxIyQzIyQ3OSQyNjEyMjIjNTEjJDEjJDIjJDgz
2021-08-11 0:00,2021-09-08 0:00,0,941906-259447,40,JDQ4MTYyMiM1MSMkMSMkNCMkOTIkNDgxNzAyIzExIyQxIyQzIyQ3OSQyNjEyMjIjNTEjJDEjJDIjJDgz
2021-08-29 0:00,2021-09-26 0:00,0,946859-186797,40,JDQ4MTYyMiM1MSMkMSMkNCMkOTIkNDgxNzAyIzExIyQxIyQzIyQ3OSQyNjEyMjIjNTEjJDEjJDIjJDgz
2021-08-13 0:00,2021-09-10 0:00,0,949777-232152,20,JDQ4MTYyMiM1MSMkMSMkNCMkOTIkNDgxNzAyIzExIyQxIyQzIyQ3OSQyNjEyMjIjNTEjJDEjJDIjJDgz
2021-10-31 0:00,2021-11-28 0:00,0,951799-186015,40,JDQ4MTYyMiM1MSMkMSMkNCMkOTIkNDgxNzAyIzExIyQxIyQzIyQ3OSQyNjEyMjIjNTEjJDEjJDIjJDgz
2021-09-25 0:00,2021-10-23 0:00,1,952020-243249,10,JDQ4MTYyMiM1MSMkMSMkNCMkOTIkNDgxNzAyIzExIyQxIyQzIyQ3OSQyNjEyMjIjNTEjJDEjJDIjJDgz
2021-08-16 0:00,2021-09-13 0:00,1,952033-171432,20,JDQ4MTYyMiM1MSMkMSMkNCMkOTIkNDgxNzAyIzExIyQxIyQzIyQ3OSQyNjEyMjIjNTEjJDEjJDIjJDgz
2021-12-28 0:00,2022-01-25 0:00,1,952657-172731,40,JDQ4MTYyMiM1MSMkMSMkNCMkOTIkNDgxNzAyIzExIyQxIyQzIyQ3OSQyNjEyMjIjNTEjJDEjJDIjJDgz
2021-08-01 0:00,2021-08-29 0:00,1,955074-103192,40,JDQ4MTYyMiM1MSMkMSMkNCMkOTIkNDgxNzAyIzExIyQxIyQzIyQ3OSQyNjEyMjIjNTEjJDEjJDIjJDgz
2021-11-22 0:00,2021-12-20 0:00,1,956280-173757,20,JDQ4MTYyMiM1MSMkMSMkNCMkOTIkNDgxNzAyIzExIyQxIyQzIyQ3OSQyNjEyMjIjNTEjJDEjJDIjJDgz
2021-11-04 0:00,2021-12-02 0:00,1,957772-205335,40,JDQ4MTYyMiM1MSMkMSMkNCMkOTIkNDgxNzAyIzExIyQxIyQzIyQ3OSQyNjEyMjIjNTEjJDEjJDIjJDgz
2021-11-26 0:00,2021-12-24 0:00,0,958108-174591,10,JDQ4MTYyMiM1MSMkMSMkNCMkOTIkNDgxNzAyIzExIyQxIyQzIyQ3OSQyNjEyMjIjNTEjJDEjJDIjJDgz
2021-08-01 0:00,2021-08-29 0:00,0,958143-251767,40,JDQ4MTYyMiM1MSMkMSMkNCMkOTIkNDgxNzAyIzExIyQxIyQzIyQ3OSQyNjEyMjIjNTEjJDEjJDIjJDgz
2021-09-24 0:00,2021-10-22 0:00,1,958272-167466,40,JDQ4MTYyMiM1MSMkMSMkNCMkOTIkNDgxNzAyIzExIyQxIyQzIyQ3OSQyNjEyMjIjNTEjJDEjJDIjJDgz
2021-10-17 0:00,2021-11-14 0:00,1,958511-235069,40,JDQ4MTYyMiM1MSMkMSMkNCMkOTIkNDgxNzAyIzExIyQxIyQzIyQ3OSQyNjEyMjIjNTEjJDEjJDIjJDgz
2021-08-21 0:00,2021-09-18 0:00,1,958996-119365,40,JDQ4MTYyMiM1MSMkMSMkNCMkOTIkNDgxNzAyIzExIyQxIyQzIyQ3OSQyNjEyMjIjNTEjJDEjJDIjJDgz
2021-08-08 0:00,2021-09-05 0:00,0,959052-218052,40,JDQ4MTYyMiM1MSMkMSMkNCMkOTIkNDgxNzAyIzExIyQxIyQzIyQ3OSQyNjEyMjIjNTEjJDEjJDIjJDgz
2021-09-26 0:00,2021-10-24 0:00,1,961274-227205,10,JDQ4MTYyMiM1MSMkMSMkNCMkOTIkNDgxNzAyIzExIyQxIyQzIyQ3OSQyNjEyMjIjNTEjJDEjJDIjJDgz
2021-11-01 0:00,2021-11-29 0:00,1,961294-184167,10,JDQ4MTYyMiM1MSMkMSMkNCMkOTIkNDgxNzAyIzExIyQxIyQzIyQ3OSQyNjEyMjIjNTEjJDEjJDIjJDgz
2021-08-06 0:00,2021-09-03 0:00,1,967211-202209,40,JDQ4MTYyMiM1MSMkMSMkNCMkOTIkNDgxNzAyIzExIyQxIyQzIyQ3OSQyNjEyMjIjNTEjJDEjJDIjJDgz
2021-11-25 0:00,2021-12-23 0:00,1,967350-135083,10,JDQ4MTYyMiM1MSMkMSMkNCMkOTIkNDgxNzAyIzExIyQxIyQzIyQ3OSQyNjEyMjIjNTEjJDEjJDIjJDgz
2021-12-17 0:00,2022-01-14 0:00,1,970353-123591,20,JDQ4MTYyMiM1MSMkMSMkNCMkOTIkNDgxNzAyIzExIyQxIyQzIyQ3OSQyNjEyMjIjNTEjJDEjJDIjJDgz
2021-11-15 0:00,2021-12-13 0:00,1,971439-190630,40,JDQ4MTYyMiM1MSMkMSMkNCMkOTIkNDgxNzAyIzExIyQxIyQzIyQ3OSQyNjEyMjIjNTEjJDEjJDIjJDgz
2021-11-12 0:00,2021-12-10 0:00,0,971652-224081,10,JDQ4MTYyMiM1MSMkMSMkNCMkOTIkNDgxNzAyIzExIyQxIyQzIyQ3OSQyNjEyMjIjNTEjJDEjJDIjJDgz
2021-08-03 0:00,2021-08-31 0:00,1,973873-103965,10,JDQ4MTYyMiM1MSMkMSMkNCMkOTIkNDgxNzAyIzExIyQxIyQzIyQ3OSQyNjEyMjIjNTEjJDEjJDIjJDgz
2021-10-22 0:00,2021-11-19 0:00,1,974295-270425,40,JDQ4MTYyMiM1MSMkMSMkNCMkOTIkNDgxNzAyIzExIyQxIyQzIyQ3OSQyNjEyMjIjNTEjJDEjJDIjJDgz
2021-11-15 0:00,2021-12-13 0:00,0,975275-286607,40,JDQ4MTYyMiM1MSMkMSMkNCMkOTIkNDgxNzAyIzExIyQxIyQzIyQ3OSQyNjEyMjIjNTEjJDEjJDIjJDgz
2021-10-24 0:00,2021-11-21 0:00,1,975645-131906,10,JDQ4MTYyMiM1MSMkMSMkNCMkOTIkNDgxNzAyIzExIyQxIyQzIyQ3OSQyNjEyMjIjNTEjJDEjJDIjJDgz
2021-12-01 0:00,2021-12-29 0:00,0,976194-197371,20,JDQ4MTYyMiM1MSMkMSMkNCMkOTIkNDgxNzAyIzExIyQxIyQzIyQ3OSQyNjEyMjIjNTEjJDEjJDIjJDgz
2021-08-12 0:00,2021-09-09 0:00,0,978343-194545,40,JDQ4MTYyMiM1MSMkMSMkNCMkOTIkNDgxNzAyIzExIyQxIyQzIyQ3OSQyNjEyMjIjNTEjJDEjJDIjJDgz
2021-08-10 0:00,2021-09-07 0:00,1,983351-244589,10,JDQ4MTYyMiM1MSMkMSMkNCMkOTIkNDgxNzAyIzExIyQxIyQzIyQ3OSQyNjEyMjIjNTEjJDEjJDIjJDgz
2021-11-16 0:00,2021-12-14 0:00,1,983709-140470,20,JDQ4MTYyMiM1MSMkMSMkNCMkOTIkNDgxNzAyIzExIyQxIyQzIyQ3OSQyNjEyMjIjNTEjJDEjJDIjJDgz
2021-11-17 0:00,2021-12-15 0:00,1,985414-175117,10,JDQ4MTYyMiM1MSMkMSMkNCMkOTIkNDgxNzAyIzExIyQxIyQzIyQ3OSQyNjEyMjIjNTEjJDEjJDIjJDgz
2021-10-30 0:00,2021-11-27 0:00,0,985608-164253,40,JDQ4MTYyMiM1MSMkMSMkNCMkOTIkNDgxNzAyIzExIyQxIyQzIyQ3OSQyNjEyMjIjNTEjJDEjJDIjJDgz
2021-09-10 0:00,2021-10-08 0:00,1,986383-170596,20,JDQ4MTYyMiM1MSMkMSMkNCMkOTIkNDgxNzAyIzExIyQxIyQzIyQ3OSQyNjEyMjIjNTEjJDEjJDIjJDgz
2021-08-10 0:00,2021-09-07 0:00,0,986754-215608,40,JDQ4MTYyMiM1MSMkMSMkNCMkOTIkNDgxNzAyIzExIyQxIyQzIyQ3OSQyNjEyMjIjNTEjJDEjJDIjJDgz
2021-11-24 0:00,2021-12-22 0:00,0,986997-130610,40,JDQ4MTYyMiM1MSMkMSMkNCMkOTIkNDgxNzAyIzExIyQxIyQzIyQ3OSQyNjEyMjIjNTEjJDEjJDIjJDgz
2021-11-24 0:00,2021-12-22 0:00,0,989879-203196,40,JDQ4MTYyMiM1MSMkMSMkNCMkOTIkNDgxNzAyIzExIyQxIyQzIyQ3OSQyNjEyMjIjNTEjJDEjJDIjJDgz
2021-10-01 0:00,2021-10-29 0:00,0,989945-228260,40,JDQ4MTYyMiM1MSMkMSMkNCMkOTIkNDgxNzAyIzExIyQxIyQzIyQ3OSQyNjEyMjIjNTEjJDEjJDIjJDgz
2021-12-02 0:00,2021-12-30 0:00,1,992325-221648,40,JDQ4MTYyMiM1MSMkMSMkNCMkOTIkNDgxNzAyIzExIyQxIyQzIyQ3OSQyNjEyMjIjNTEjJDEjJDIjJDgz
2021-10-21 0:00,2021-11-18 0:00,0,995394-226205,40,JDQ4MTYyMiM1MSMkMSMkNCMkOTIkNDgxNzAyIzExIyQxIyQzIyQ3OSQyNjEyMjIjNTEjJDEjJDIjJDgz
2021-11-04 0:00,2021-12-02 0:00,1,998590-176163,40,JDQ4MTYyMiM1MSMkMSMkNCMkOTIkNDgxNzAyIzExIyQxIyQzIyQ3OSQyNjEyMjIjNTEjJDEjJDIjJDgz
2021-11-28 0:00,2021-12-26 0:00,0,999665-145206,20,JDQ4MTYyMiM1MSMkMSMkNCMkOTIkNDgxNzAyIzExIyQxIyQzIyQ3OSQyNjEyMjIjNTEjJDEjJDIjJDgz
