Hnumber,Amount,Expiration,Vnumber
JDQ4MTg4MSM1MSMkMSMkMCMkOTkkMzgxMzUxIzIxIyQxIyQ5IyQ3MiQyNjEwMDIjNjEjJDEjJDgjJDgz,213,2021-11-18,10
JDQ4MTg4MSM1MSMkMSMkMCMkOTkkMzgxMzUxIzMxIyQxIyQzIyQxMyQyNjEyMjIjNDEjJDEjJDQjJDgz,37,2021-11-01,10
JDQ4MTg4MSM1MSMkMSMkMCMkOTkkMzgxMzUxIzQxIyQxIyQ3IyQ3OSQyNjEyMjIjNzEjJDEjJDgjJDgz,219,2021-11-21,10
JDQ4MTYyMiM1MSMkMiMkMCMkMDAkMzgxMTkxIzQxIyQxIyQ3IyQ3MiQyNjE4MzIjNTEjJDEjJDIjJDgz,30,2021-11-04,10
JDQ4MTYyMiM1MSMkMiMkMCMkMDAkMzgxMTkxIzUxIyQxIyQ1IyQ5OSQzNjE4MzIjNjEjJDEjJDgjJDgz,5,2021-11-30,10
JDQ4MTYyMiM1MSMkMiMkMCMkMDAkMzgxMTkxIzUxIyQxIyQxIyQ4MiQyNjE0ODEjNDEjJDEjJDgjJDgz,22,2021-11-02,10
JDQ4MTYyMiM1MSMkMiMkMCMkMDAkMzgxNzAyIzExIyQxIyQ3IyQ3MiQyNjEwMDIjNTEjJDEjJDYjJDgz,2,2021-11-02,10
JDQ4MTYyMiM1MSMkMiMkMCMkMDAkMzgxNzAyIzExIyQxIyQ3IyQxMyQyNjE0ODEjNjEjJDEjJDAjJDgz,26,2021-11-04,10
JDQ4MTYyMiM1MSMkMiMkMCMkMDAkMzgxNzAyIzIxIyQxIyQ1IyQ5MiQzNjE0ODEjNjEjJDEjJDQjJDgz,16,2021-11-04,10
JDQ4MTYyMiM1MSMkMiMkMCMkMDAkMzgxNzAyIzIxIyQxIyQ5IyQ3OSQyNjE4MzIjNTEjJDEjJDIjJDgz,8,2021-11-30,10
JDQ4MTYyMiM1MSMkMiMkMCMkMDAkMzgxNzAyIzIxIyQxIyQ5IyQwMyQyNjEwMDIjNjEjJDEjJDAjJDgz,29,2021-11-24,10
JDQ4MTYyMiM1MSMkMiMkMCMkMDAkMzgxNzAyIzIxIyQxIyQ5IyQxMyQyNjE0ODEjNTEjJDEjJDYjJDgz,16,2021-11-22,10
JDQ4MTYyMiM1MSMkMiMkMCMkMDAkMzgxNzAyIzMxIyQxIyQ3IyQ3MiQzNjE4MzIjNjEjJDEjJDAjJDgz,28,2021-11-18,10
JDQ4MTYyMiM1MSMkMiMkMCMkMDAkMzgxNzAyIzMxIyQxIyQzIyQ4MiQzNjEwMDIjODEjJDEjJDYjJDgz,28,2021-11-15,10
JDQ4MTYyMiM1MSMkMiMkMCMkMDAkMzgxNzAyIzQxIyQxIyQ3IyQ2MiQyNjEwMDIjNjEjJDEjJDAjJDgz,9,2021-11-12,10
JDQ4MTYyMiM1MSMkMiMkMCMkMDAkMzgxNzAyIzUxIyQxIyQ1IyQ4OSQzNjEwMDIjODEjJDEjJDIjJDgz,29,2021-11-30,10
JDQ4MTYyMiM1MSMkMiMkMCMkMDAkMzgxNzAyIzUxIyQyIyQxIyQwMCQ0NjEwMDIjODEjJDEjJDYjJDgz,4,2021-11-01,10
JDQ4MTYyMiM1MSMkMiMkMCMkMDAkMzgxOTYxIzUxIyQxIyQ1IyQ4MiQyNjEwMDIjNDEjJDEjJDgjJDgz,10,2021-11-22,10
JDQ4MTYyMiM1MSMkMiMkMCMkMDAkNDgxMTkxIzExIyQxIyQ3IyQ3MiQzNjEyMjIjNDEjJDEjJDgjJDgz,13,2021-11-12,10
JDQ4MTYyMiM1MSMkMiMkMCMkMDAkNDgxMTkxIzExIyQxIyQ3IyQ5OSQzNjEyMjIjODEjJDEjJDYjJDgz,1,2021-11-04,10
JDQ4MTYyMiM1MSMkMiMkMCMkMDAkNDgxMTkxIzExIyQxIyQ3IyQxMyQyNjEwMDIjODEjJDEjJDYjJDgz,26,2021-11-24,10
JDQ4MTYyMiM1MSMkMiMkMCMkMDAkNDgxMTkxIzExIyQxIyQ3IyQxMyQzNjEyMjIjNDEjJDEjJDQjJDgz,28,2021-11-08,10
JDQ4MTYyMiM1MSMkMiMkMCMkMDAkNDgxMTkxIzExIyQxIyQzIyQwMyQ0NjEwMDIjNDEjJDEjJDgjJDgz,8,2021-11-24,10
JDQ4MTYyMiM1MSMkMiMkMCMkMDAkNDgxMTkxIzIxIyQxIyQ1IyQ3OSQ0NjEwMDIjNDEjJDEjJDgjJDgz,7,2021-11-24,10
JDQ4MTYyMiM1MSMkMiMkMCMkMDAkNDgxMTkxIzIxIyQxIyQ1IyQ3OSQzNjEwMDIjODEjJDEjJDYjJDgz,12,2021-11-30,10
JDQ4MTYyMiM1MSMkMiMkMCMkMDAkNDgxMTkxIzIxIyQxIyQ1IyQ5MiQyNjE0ODEjODEjJDEjJDYjJDgz,10,2021-11-22,10
JDQ4MTYyMiM1MSMkMiMkMCMkMDAkNDgxMTkxIzIxIyQxIyQ1IyQ5OSQyNjEwMDIjNDEjJDEjJDgjJDgz,25,2021-11-18,10
JDQ4MTYyMiM1MSMkMiMkMCMkMDAkNDgxMTkxIzIxIyQxIyQ1IyQwMyQ0NjEwMDIjNDEjJDEjJDQjJDgz,25,2021-11-08,10
JDQ4MTYyMiM1MSMkMiMkMCMkMDAkNDgxMTkxIzIxIyQxIyQ5IyQ4OSQ0NjEwMDIjNjEjJDEjJDQjJDgz,28,2021-11-02,10
JDQ4MTYyMiM1MSMkMiMkMCMkMDAkNDgxMTkxIzIxIyQxIyQ5IyQ5MiQzNjEwMDIjNjEjJDEjJDgjJDgz,16,2021-11-02,10
JDQ4MTYyMiM1MSMkMiMkMCMkMDAkNDgxMTkxIzIxIyQxIyQ5IyQ5OSQzNjEwMDIjNDEjJDEjJDQjJDgz,10,2021-11-27,10
JDQ4MTYyMiM1MSMkMiMkMCMkMDAkNDgxMTkxIzIxIyQxIyQ5IyQwMyQzNjEwMDIjNTEjJDEjJDYjJDgz,6,2021-11-02,10
JDQ4MTYyMiM1MSMkMiMkMCMkMDAkNDgxMTkxIzIxIyQxIyQxIyQ4OSQzNjE0ODEjNDEjJDEjJDgjJDgz,30,2021-11-12,10
JDQ4MTYyMiM1MSMkMiMkMCMkMDAkNDgxMTkxIzIxIyQyIyQ5IyQwMCQyNjE4MzIjNDEjJDEjJDgjJDgz,15,2021-11-24,10
JDQ4MTYyMiM1MSMkMiMkMCMkMDAkNDgxMTkxIzIxIyQyIyQ5IyQwMCQzNjEwMDIjNzEjJDEjJDgjJDgz,14,2021-11-12,10
JDQ4MTYyMiM1MSMkMiMkMCMkMDAkNDgxMTkxIzMxIyQxIyQzIyQ4MiQ0NjEwMDIjODEjJDEjJDIjJDgz,3,2021-11-12,10
JDQ4MTYyMiM1MSMkMiMkMCMkMDAkNDgxMTkxIzMxIyQxIyQzIyQ4OSQ0NjE0ODEjNTEjJDEjJDYjJDgz,26,2021-11-02,10
JDQ4MTYyMiM1MSMkMiMkMCMkMDAkNDgxMTkxIzQxIyQxIyQ3IyQ2MiQyNjE4MzIjNzEjJDEjJDgjJDgz,29,2021-11-12,10
JDQ4MTYyMiM1MSMkMiMkMCMkMDAkNDgxMTkxIzUxIyQxIyQ1IyQ3MiQyNjEwMDIjNDEjJDEjJDgjJDgz,26,2021-11-15,10
JDQ4MTYyMiM1MSMkMiMkMCMkMDAkNDgxMTkxIzUxIyQxIyQ1IyQ4OSQzNjEwMDIjNjEjJDEjJDAjJDgz,23,2021-11-24,10
JDQ4MTYyMiM1MSMkMiMkMCMkMDAkNDgxMTkxIzUxIyQxIyQ1IyQ5MiQyNjEyMjIjNTEjJDEjJDYjJDgz,26,2021-11-02,10
JDQ4MTYyMiM1MSMkMiMkMCMkMDAkNDgxMTkxIzUxIyQyIyQ1IyQwMCQyNjE0ODEjODEjJDEjJDIjJDgz,30,2021-11-18,10
JDQ4MTYyMiM1MSMkMiMkMCMkMDAkNDgxMzUxIzExIyQxIyQ3IyQ2MiQyNjE0ODEjNTEjJDEjJDYjJDgz,16,2021-11-08,10
JDQ4MTYyMiM1MSMkMiMkMCMkMDAkNDgxMzUxIzExIyQxIyQ3IyQ4MiQzNjE4MzIjNjEjJDEjJDQjJDgz,5,2021-11-21,10
JDQ4MTYyMiM1MSMkMiMkMCMkMDAkNDgxMzUxIzExIyQxIyQzIyQ5MiQyNjEwMDIjNzEjJDEjJDgjJDgz,18,2021-11-18,10
JDQ4MTYyMiM1MSMkMiMkMCMkMDAkNDgxMzUxIzIxIyQxIyQ1IyQ2MiQyNjE0ODEjNjEjJDEjJDgjJDgz,12,2021-11-01,10
JDQ4MTYyMiM1MSMkMiMkMCMkMDAkNDgxMzUxIzIxIyQxIyQ1IyQ4OSQ0NjE0ODEjNDEjJDEjJDQjJDgz,24,2021-11-24,10
JDQ4MTYyMiM1MSMkMiMkMCMkMDAkNDgxMzUxIzIxIyQxIyQ1IyQ5MiQyNjEwMDIjNjEjJDEjJDgjJDgz,12,2021-11-04,10
JDQ4MTYyMiM1MSMkMiMkMCMkMDAkNDgxMzUxIzIxIyQxIyQ1IyQwMyQyNjEyMjIjNDEjJDEjJDgjJDgz,16,2021-11-27,10
JDQ4MTYyMiM1MSMkMiMkMCMkMDAkNDgxMzUxIzIxIyQxIyQ5IyQ2MiQzNjEwMDIjNTEjJDEjJDYjJDgz,15,2021-11-08,10
JDQ4MTYyMiM1MSMkMiMkMCMkMDAkNDgxMzUxIzIxIyQxIyQ5IyQ4MiQzNjEwMDIjODEjJDEjJDIjJDgz,28,2021-11-24,10
JDQ4MTYyMiM1MSMkMiMkMCMkMDAkNDgxMzUxIzIxIyQxIyQ5IyQwMyQ0NjEwMDIjNjEjJDEjJDQjJDgz,3,2021-11-15,10
JDQ4MTYyMiM1MSMkMiMkMCMkMDAkNDgxMzUxIzIxIyQxIyQ5IyQxMyQ0NjEwMDIjNTEjJDEjJDIjJDgz,7,2021-11-30,10
JDQ4MTYyMiM1MSMkMiMkMCMkMDAkNDgxMzUxIzIxIyQyIyQxIyQwMCQzNjEwMDIjNTEjJDEjJDYjJDgz,28,2021-11-27,10
JDQ4MTYyMiM1MSMkMiMkMCMkMDAkNDgxMzUxIzMxIyQxIyQ3IyQ2MiQ0NjE0ODEjNDEjJDEjJDgjJDgz,6,2021-11-08,10
JDQ4MTYyMiM1MSMkMiMkMCMkMDAkNDgxMzUxIzMxIyQxIyQ3IyQ3MiQ0NjE0ODEjODEjJDEjJDIjJDgz,19,2021-11-15,10
JDQ4MTYyMiM1MSMkMiMkMCMkMDAkNDgxMzUxIzMxIyQxIyQ3IyQ3MiQyNjE4MzIjNzEjJDEjJDgjJDgz,7,2021-11-24,10
JDQ4MTYyMiM1MSMkMiMkMCMkMDAkNDgxMzUxIzMxIyQxIyQ3IyQ4OSQzNjE0ODEjNjEjJDEjJDgjJDgz,7,2021-11-01,10
JDQ4MTYyMiM1MSMkMiMkMCMkMDAkNDgxMzUxIzMxIyQxIyQ3IyQwMyQzNjE4MzIjNDEjJDEjJDgjJDgz,17,2021-11-08,10
JDQ4MTYyMiM1MSMkMiMkMCMkMDAkNDgxMzUxIzMxIyQxIyQzIyQ3MiQyNjEwMDIjNjEjJDEjJDAjJDgz,21,2021-11-08,10
JDQ4MTYyMiM1MSMkMiMkMCMkMDAkNDgxMzUxIzMxIyQxIyQzIyQ3OSQyNjE0ODEjNDEjJDEjJDQjJDgz,17,2021-11-21,10
JDQ4MTYyMiM1MSMkMiMkMCMkMDAkNDgxMzUxIzMxIyQxIyQzIyQ3OSQyNjEwMDIjODEjJDEjJDIjJDgz,11,2021-11-04,10
JDQ4MTYyMiM1MSMkMiMkMCMkMDAkNDgxMzUxIzMxIyQyIyQ3IyQwMCQzNjEyMjIjNzEjJDEjJDgjJDgz,27,2021-11-18,10
JDQ4MTYyMiM1MSMkMiMkMCMkMDAkNDgxMzUxIzMxIyQyIyQzIyQwMCQ0NjE0ODEjNzEjJDEjJDgjJDgz,25,2021-11-12,10
JDQ4MTYyMiM1MSMkMiMkMCMkMDAkNDgxMzUxIzQxIyQxIyQ3IyQ3OSQyNjE4MzIjNzEjJDEjJDgjJDgz,9,2021-11-08,10
JDQ4MTYyMiM1MSMkMiMkMCMkMDAkNDgxMzUxIzQxIyQxIyQ3IyQxMyQyNjE4MzIjNTEjJDEjJDIjJDgz,5,2021-11-08,10
JDQ4MTYyMiM1MSMkMiMkMCMkMDAkNDgxMzUxIzUxIyQxIyQ1IyQ4MiQzNjEwMDIjNDEjJDEjJDQjJDgz,23,2021-11-27,10
JDQ4MTYyMiM1MSMkMiMkMCMkMDAkNDgxMzUxIzUxIyQxIyQ1IyQ4OSQzNjE4MzIjNDEjJDEjJDQjJDgz,27,2021-11-24,10
JDQ4MTYyMiM1MSMkMiMkMCMkMDAkNDgxMzUxIzUxIyQxIyQ1IyQ5OSQyNjEyMjIjNjEjJDEjJDgjJDgz,20,2021-11-08,10
JDQ4MTYyMiM1MSMkMiMkMCMkMDAkNDgxMzUxIzUxIyQxIyQxIyQ2MiQzNjE4MzIjNjEjJDEjJDQjJDgz,4,2021-11-24,10
JDQ4MTYyMiM1MSMkMiMkMCMkMDAkNDgxMzUxIzUxIyQxIyQxIyQ4MiQyNjEyMjIjODEjJDEjJDYjJDgz,27,2021-11-24,10
JDQ4MTYyMiM1MSMkMiMkMCMkMDAkNDgxMzUxIzUxIyQyIyQxIyQwMCQyNjEwMDIjODEjJDEjJDYjJDgz,17,2021-11-02,10
JDQ4MTYyMiM1MSMkMiMkMCMkMDAkNDgxNzAyIzExIyQxIyQ3IyQ3MiQzNjE4MzIjNjEjJDEjJDAjJDgz,15,2021-11-12,10
JDQ4MTYyMiM1MSMkMiMkMCMkMDAkNDgxNzAyIzExIyQxIyQ3IyQ4OSQ0NjE0ODEjNTEjJDEjJDYjJDgz,4,2021-11-15,10
JDQ4MTYyMiM1MSMkMiMkMCMkMDAkNDgxNzAyIzExIyQxIyQ3IyQxMyQyNjE4MzIjNDEjJDEjJDgjJDgz,28,2021-11-08,10
JDQ4MTYyMiM1MSMkMiMkMCMkMDAkNDgxNzAyIzExIyQxIyQzIyQ3OSQzNjEyMjIjNTEjJDEjJDYjJDgz,7,2021-11-22,10
JDQ4MTYyMiM1MSMkMiMkMCMkMDAkNDgxNzAyIzIxIyQxIyQ1IyQ4OSQ0NjE0ODEjNjEjJDEjJDgjJDgz,11,2021-11-01,10
JDQ4MTYyMiM1MSMkMiMkMCMkMDAkNDgxNzAyIzIxIyQxIyQ1IyQxMyQyNjEyMjIjNjEjJDEjJDQjJDgz,3,2021-11-12,10
JDQ4MTYyMiM1MSMkMiMkMCMkMDAkNDgxNzAyIzIxIyQxIyQ5IyQ5MiQyNjE4MzIjNjEjJDEjJDQjJDgz,15,2021-11-24,10
JDQ4MTYyMiM1MSMkMiMkMCMkMDAkNDgxNzAyIzIxIyQxIyQxIyQ2MiQyNjE0ODEjNjEjJDEjJDgjJDgz,27,2021-11-21,10
JDQ4MTYyMiM1MSMkMiMkMCMkMDAkNDgxNzAyIzIxIyQxIyQxIyQ3MiQzNjEwMDIjNjEjJDEjJDAjJDgz,6,2021-11-04,10
JDQ4MTYyMiM1MSMkMiMkMCMkMDAkNDgxNzAyIzIxIyQxIyQxIyQ5MiQ0NjEwMDIjNDEjJDEjJDgjJDgz,22,2021-11-04,10
JDQ4MTYyMiM1MSMkMiMkMCMkMDAkNDgxNzAyIzIxIyQxIyQxIyQxMyQzNjE0ODEjNjEjJDEjJDQjJDgz,16,2021-11-21,10
JDQ4MTYyMiM1MSMkMiMkMCMkMDAkNDgxNzAyIzMxIyQxIyQ3IyQ2MiQzNjEwMDIjNTEjJDEjJDIjJDgz,19,2021-11-02,10
JDQ4MTYyMiM1MSMkMiMkMCMkMDAkNDgxNzAyIzMxIyQxIyQ3IyQ3OSQ0NjE0ODEjODEjJDEjJDIjJDgz,26,2021-11-04,10
JDQ4MTYyMiM1MSMkMiMkMCMkMDAkNDgxNzAyIzMxIyQxIyQ3IyQ5OSQyNjEwMDIjNjEjJDEjJDQjJDgz,30,2021-11-22,10
JDQ4MTYyMiM1MSMkMiMkMCMkMDAkNDgxNzAyIzMxIyQxIyQzIyQ3MiQzNjE4MzIjNDEjJDEjJDQjJDgz,14,2021-11-24,10
JDQ4MTYyMiM1MSMkMiMkMCMkMDAkNDgxNzAyIzMxIyQxIyQzIyQ4MiQ0NjEwMDIjNTEjJDEjJDYjJDgz,16,2021-11-15,10
JDQ4MTYyMiM1MSMkMiMkMCMkMDAkNDgxNzAyIzMxIyQxIyQzIyQwMyQ0NjEwMDIjODEjJDEjJDIjJDgz,14,2021-11-08,10
JDQ4MTYyMiM1MSMkMiMkMCMkMDAkNDgxNzAyIzQxIyQxIyQ3IyQ3MiQzNjEyMjIjNjEjJDEjJDAjJDgz,1,2021-11-21,10
JDQ4MTYyMiM1MSMkMiMkMCMkMDAkNDgxNzAyIzQxIyQxIyQ3IyQ4MiQzNjEwMDIjNTEjJDEjJDYjJDgz,13,2021-11-24,10
JDQ4MTYyMiM1MSMkMiMkMCMkMDAkNDgxNzAyIzQxIyQxIyQ3IyQ4OSQ0NjE0ODEjNDEjJDEjJDgjJDgz,1,2021-11-08,10
JDQ4MTYyMiM1MSMkMiMkMCMkMDAkNDgxNzAyIzQxIyQyIyQ3IyQwMCQ0NjEwMDIjNjEjJDEjJDAjJDgz,6,2021-11-21,10
JDQ4MTYyMiM1MSMkMiMkMCMkMDAkNDgxNzAyIzUxIyQxIyQ1IyQ3OSQ0NjEwMDIjNjEjJDEjJDQjJDgz,5,2021-11-12,10
JDQ4MTYyMiM1MSMkMiMkMCMkMDAkNDgxNzAyIzUxIyQxIyQxIyQ5MiQzNjE4MzIjNTEjJDEjJDYjJDgz,12,2021-11-02,10
JDQ4MTYyMiM1MSMkMiMkMCMkMDAkNDgxNzAyIzUxIyQxIyQxIyQ5MiQzNjEyMjIjNjEjJDEjJDQjJDgz,22,2021-11-24,10
JDQ4MTYyMiM1MSMkMiMkMCMkMDAkNDgxNzAyIzUxIyQxIyQxIyQ5OSQyNjE4MzIjNjEjJDEjJDAjJDgz,18,2021-11-15,10
JDQ4MTYyMiM1MSMkMiMkMCMkMDAkNDgxNzAyIzUxIyQxIyQxIyQ5OSQzNjE0ODEjNTEjJDEjJDIjJDgz,28,2021-11-30,10
JDQ4MTYyMiM1MSMkMiMkMCMkMDAkNDgxOTYxIzExIyQxIyQ3IyQ2MiQyNjEwMDIjNzEjJDEjJDgjJDgz,25,2021-11-08,10
JDQ4MTYyMiM1MSMkMiMkMCMkMDAkNDgxOTYxIzExIyQxIyQ3IyQ5OSQyNjEwMDIjNTEjJDEjJDIjJDgz,6,2021-11-08,10
JDQ4MTYyMiM1MSMkMiMkMCMkMDAkNDgxOTYxIzExIyQxIyQzIyQ5MiQzNjE4MzIjNDEjJDEjJDgjJDgz,21,2021-11-30,10
JDQ4MTYyMiM1MSMkMiMkMCMkMDAkNDgxOTYxIzExIyQxIyQzIyQxMyQzNjEwMDIjNDEjJDEjJDQjJDgz,17,2021-11-27,10
JDQ4MTYyMiM1MSMkMiMkMCMkMDAkNDgxOTYxIzExIyQyIyQ3IyQwMCQyNjE0ODEjNDEjJDEjJDgjJDgz,2,2021-11-08,10
JDQ4MTYyMiM1MSMkMiMkMCMkMDAkNDgxOTYxIzExIyQyIyQ3IyQwMCQzNjE0ODEjNjEjJDEjJDAjJDgz,30,2021-11-18,10
JDQ4MTYyMiM1MSMkMiMkMCMkMDAkNDgxOTYxIzIxIyQxIyQ1IyQ4OSQzNjE0ODEjNTEjJDEjJDIjJDgz,30,2021-11-21,10
JDQ4MTYyMiM1MSMkMiMkMCMkMDAkNDgxOTYxIzIxIyQxIyQ1IyQxMyQ0NjEwMDIjNDEjJDEjJDgjJDgz,27,2021-11-04,10
JDQ4MTYyMiM1MSMkMiMkMCMkMDAkNDgxOTYxIzIxIyQxIyQxIyQ5MiQyNjEyMjIjNTEjJDEjJDYjJDgz,7,2021-11-30,10
JDQ4MTYyMiM1MSMkMiMkMCMkMDAkNDgxOTYxIzIxIyQyIyQxIyQwMCQyNjE4MzIjNTEjJDEjJDIjJDgz,7,2021-11-04,10
JDQ4MTYyMiM1MSMkMiMkMCMkMDAkNDgxOTYxIzMxIyQyIyQzIyQwMCQzNjEwMDIjODEjJDEjJDIjJDgz,29,2021-11-15,10
JDQ4MTYyMiM1MSMkMiMkMCMkMDAkNDgxOTYxIzQxIyQxIyQ3IyQ3OSQyNjEyMjIjNjEjJDEjJDAjJDgz,27,2021-11-01,10
JDQ4MTYyMiM1MSMkMiMkMCMkMDAkNDgxOTYxIzUxIyQxIyQ1IyQ2MiQzNjEwMDIjNDEjJDEjJDgjJDgz,19,2021-11-15,10
JDQ4MTYyMiM1MSMkMiMkMCMkMDAkNDgxOTYxIzUxIyQxIyQ1IyQwMyQyNjEyMjIjNjEjJDEjJDQjJDgz,13,2021-11-24,10
JDQ4MTYyMiM1MSMkMiMkMCMkMDAkNTgxMzUxIzExIyQxIyQ3IyQ3MiQzNjEwMDIjNTEjJDEjJDYjJDgz,20,2021-11-30,10
JDQ4MTYyMiM1MSMkMiMkMCMkMDAkNTgxMzUxIzExIyQxIyQ3IyQ4MiQzNjEwMDIjNDEjJDEjJDgjJDgz,19,2021-11-24,10
JDQ4MTYyMiM1MSMkMiMkMCMkMDAkNTgxMzUxIzExIyQxIyQ3IyQ5OSQyNjEyMjIjNzEjJDEjJDgjJDgz,7,2021-11-27,10
JDQ4MTYyMiM1MSMkMiMkMCMkMDAkNTgxMzUxIzExIyQxIyQ3IyQwMyQyNjE4MzIjODEjJDEjJDYjJDgz,9,2021-11-15,10
JDQ4MTYyMiM1MSMkMiMkMCMkMDAkNTgxMzUxIzExIyQxIyQzIyQ2MiQyNjE0ODEjODEjJDEjJDYjJDgz,30,2021-11-08,10
JDQ4MTYyMiM1MSMkMiMkMCMkMDAkNTgxMzUxIzIxIyQxIyQxIyQ3OSQyNjEyMjIjODEjJDEjJDYjJDgz,2,2021-11-24,10
JDQ4MTYyMiM1MSMkMiMkMCMkMDAkNTgxMzUxIzIxIyQyIyQxIyQwMCQyNjEwMDIjNTEjJDEjJDIjJDgz,19,2021-11-01,10
JDQ4MTYyMiM1MSMkMiMkMCMkMDAkNTgxMzUxIzMxIyQxIyQ3IyQ4MiQzNjEwMDIjNTEjJDEjJDIjJDgz,2,2021-11-24,10
JDQ4MTYyMiM1MSMkMiMkMCMkMDAkNTgxMzUxIzQxIyQxIyQ3IyQ5OSQyNjE0ODEjODEjJDEjJDYjJDgz,5,2021-11-22,10
JDQ4MTYyMiM1MSMkMiMkMCMkMDAkNTgxMzUxIzQxIyQxIyQ3IyQ5OSQyNjEyMjIjNjEjJDEjJDQjJDgz,17,2021-11-21,10
JDQ4MTYyMiM1MSMkMiMkMCMkMDAkNTgxMzUxIzUxIyQxIyQ1IyQ2MiQzNjE0ODEjODEjJDEjJDYjJDgz,3,2021-11-18,10
JDQ4MTYyMiM1MSMkMiMkMCMkMDAkNTgxMzUxIzUxIyQxIyQ1IyQ3MiQzNjEwMDIjNjEjJDEjJDAjJDgz,26,2021-11-12,10
JDQ4MTYyMiM1MSMkMiMkMCMkMDAkNTgxMzUxIzUxIyQxIyQ1IyQ4MiQ0NjEwMDIjNjEjJDEjJDAjJDgz,12,2021-11-08,10
JDQ4MTYyMiM1MSMkMiMkMCMkMDAkNTgxMzUxIzUxIyQxIyQxIyQ2MiQyNjE0ODEjNDEjJDEjJDQjJDgz,3,2021-11-01,10
JDQ4MTYyMiM1MSMkMiMkMCMkMDAkNTgxMzUxIzUxIyQxIyQxIyQ4OSQyNjE0ODEjODEjJDEjJDIjJDgz,2,2021-11-27,10
JDQ4MTYyMiM1MSMkMiMkMCMkMDAkNTgxMzUxIzUxIyQyIyQxIyQwMCQ0NjEwMDIjNjEjJDEjJDgjJDgz,25,2021-11-22,10
JDQ4MTYyMiM1MSMkMiMkMCMkMDAkNTgxOTYxIzExIyQxIyQ3IyQ5OSQyNjEyMjIjNTEjJDEjJDIjJDgz,20,2021-11-21,10
JDQ4MTYyMiM1MSMkMiMkMCMkMDAkNTgxOTYxIzExIyQxIyQ3IyQxMyQyNjEwMDIjNjEjJDEjJDQjJDgz,3,2021-11-04,10
JDQ4MTYyMiM1MSMkMiMkMCMkMDAkNTgxOTYxIzExIyQxIyQzIyQ3MiQyNjEyMjIjODEjJDEjJDIjJDgz,27,2021-11-02,10
JDQ4MTYyMiM1MSMkMiMkMCMkMDAkNTgxOTYxIzExIyQxIyQzIyQ5OSQ0NjEwMDIjNTEjJDEjJDYjJDgz,4,2021-11-24,10
JDQ4MTYyMiM1MSMkMiMkMCMkMDAkNTgxOTYxIzIxIyQxIyQ1IyQ2MiQyNjEwMDIjNDEjJDEjJDgjJDgz,9,2021-11-24,10
JDQ4MTYyMiM1MSMkMiMkMCMkMDAkNTgxOTYxIzIxIyQxIyQ1IyQ4OSQ0NjE0ODEjNzEjJDEjJDgjJDgz,26,2021-11-24,10
JDQ4MTYyMiM1MSMkMiMkMCMkMDAkNTgxOTYxIzIxIyQxIyQ1IyQ4OSQyNjEwMDIjNDEjJDEjJDQjJDgz,10,2021-11-27,10
JDQ4MTYyMiM1MSMkMiMkMCMkMDAkNTgxOTYxIzIxIyQxIyQ5IyQ3MiQyNjE4MzIjNDEjJDEjJDgjJDgz,2,2021-11-24,10
JDQ4MTYyMiM1MSMkMiMkMCMkMDAkNTgxOTYxIzIxIyQxIyQ5IyQ5MiQ0NjE0ODEjNzEjJDEjJDgjJDgz,22,2021-11-08,10
JDQ4MTYyMiM1MSMkMiMkMCMkMDAkNTgxOTYxIzIxIyQxIyQ5IyQ5OSQ0NjEwMDIjODEjJDEjJDYjJDgz,29,2021-11-15,10
JDQ4MTYyMiM1MSMkMiMkMCMkMDAkNTgxOTYxIzIxIyQxIyQ5IyQ5OSQyNjE4MzIjNDEjJDEjJDQjJDgz,12,2021-11-15,10
JDQ4MTYyMiM1MSMkMiMkMCMkMDAkNTgxOTYxIzIxIyQxIyQ5IyQ5OSQzNjEwMDIjNjEjJDEjJDgjJDgz,20,2021-11-18,10
JDQ4MTYyMiM1MSMkMiMkMCMkMDAkNTgxOTYxIzIxIyQxIyQxIyQ3MiQ0NjE0ODEjNDEjJDEjJDQjJDgz,3,2021-11-15,10
JDQ4MTYyMiM1MSMkMiMkMCMkMDAkNTgxOTYxIzIxIyQxIyQxIyQ5OSQzNjE4MzIjNDEjJDEjJDQjJDgz,6,2021-11-18,10
JDQ4MTYyMiM1MSMkMiMkMCMkMDAkNTgxOTYxIzIxIyQxIyQxIyQxMyQzNjE0ODEjNjEjJDEjJDgjJDgz,11,2021-11-27,10
JDQ4MTYyMiM1MSMkMiMkMCMkMDAkNTgxOTYxIzMxIyQxIyQ3IyQwMyQyNjEyMjIjODEjJDEjJDIjJDgz,22,2021-11-22,10
JDQ4MTYyMiM1MSMkMiMkMCMkMDAkNTgxOTYxIzMxIyQxIyQ3IyQwMyQzNjEwMDIjNTEjJDEjJDIjJDgz,10,2021-11-30,10
JDQ4MTYyMiM1MSMkMiMkMCMkMDAkNTgxOTYxIzMxIyQxIyQzIyQ4OSQyNjEyMjIjNDEjJDEjJDgjJDgz,30,2021-11-02,10
JDQ4MTYyMiM1MSMkMiMkMCMkMDAkNTgxOTYxIzQxIyQxIyQ3IyQ5OSQyNjEyMjIjNDEjJDEjJDgjJDgz,13,2021-11-18,10
JDQ4MTYyMiM1MSMkMiMkMCMkMDAkNTgxOTYxIzUxIyQxIyQ1IyQ2MiQ0NjEwMDIjNjEjJDEjJDQjJDgz,14,2021-11-24,10
JDQ4MTYyMiM1MSMkMiMkMCMkMDAkNTgxOTYxIzUxIyQxIyQxIyQ5OSQ0NjE0ODEjNjEjJDEjJDgjJDgz,12,2021-11-24,10
JDQ4MTYyMiM1MSMkMSMkMCMkOTIkMzgxMzUxIzExIyQxIyQzIyQ3MiQyNjE4MzIjNjEjJDEjJDQjJDgz,3,2021-11-27,10
JDQ4MTYyMiM1MSMkMSMkMCMkOTIkMzgxMzUxIzExIyQxIyQzIyQ3MiQzNjE4MzIjODEjJDEjJDIjJDgz,23,2021-11-01,10
JDQ4MTYyMiM1MSMkMSMkMCMkOTkkMzgxMzUxIzIxIyQyIyQ5IyQwMCQyNjE4MzIjNTEjJDEjJDYjJDgz,21,2021-11-08,10
JDQ4MTYyMiM1MSMkMSMkMCMkOTkkMzgxMzUxIzMxIyQxIyQ3IyQ2MiQyNjEwMDIjNzEjJDEjJDgjJDgz,20,2021-11-21,10
JDQ4MTYyMiM1MSMkMSMkMCMkOTkkMzgxMzUxIzMxIyQxIyQ3IyQ5OSQ0NjE0ODEjNDEjJDEjJDQjJDgz,9,2021-11-24,10
JDQ4MTYyMiM1MSMkMSMkMCMkOTkkMzgxMzUxIzMxIyQxIyQzIyQxMyQyNjE0ODEjODEjJDEjJDYjJDgz,21,2021-11-18,10
JDQ4MTYyMiM1MSMkMSMkMCMkOTkkMzgxMzUxIzQxIyQxIyQ3IyQ2MiQ0NjE0ODEjNDEjJDEjJDgjJDgz,5,2021-11-01,10
JDQ4MTYyMiM1MSMkMSMkMCMkOTkkMzgxMzUxIzUxIyQxIyQ1IyQ3OSQzNjE0ODEjNDEjJDEjJDgjJDgz,8,2021-11-02,10
JDQ4MTYyMiM1MSMkMSMkMCMkOTkkMzgxMzUxIzUxIyQxIyQ1IyQ4OSQyNjEyMjIjNTEjJDEjJDIjJDgz,21,2021-11-15,10
JDQ4MTYyMiM1MSMkMSMkMCMkOTkkMzgxMzUxIzUxIyQxIyQ1IyQxMyQ0NjE0ODEjNDEjJDEjJDQjJDgz,41,2021-11-08,10
JDQ4MTYyMiM1MSMkMSMkMCMkOTkkMzgxMzUxIzUxIyQxIyQxIyQ3MiQyNjE4MzIjNTEjJDEjJDYjJDgz,2,2021-11-04,10
JDQ4MTYyMiM1MSMkMSMkMCMkOTkkMzgxOTYxIzExIyQxIyQzIyQ4MiQzNjE0ODEjNTEjJDEjJDYjJDgz,20,2021-11-30,10
JDQ4MTYyMiM1MSMkMSMkMCMkOTkkMzgxOTYxIzExIyQyIyQzIyQwMCQyNjEyMjIjNjEjJDEjJDQjJDgz,19,2021-11-12,10
JDU4MTI3MSM1MSMkMiMkMCMkMDAkMzgxMTkxIzExIyQxIyQ3IyQ3MiQzNjEyMjIjNDEjJDEjJDgjJDgz,5,2021-11-18,10
JDU4MTI3MSM1MSMkMiMkMCMkMDAkMzgxMTkxIzExIyQxIyQ3IyQ4MiQyNjEwMDIjODEjJDEjJDIjJDgz,23,2021-11-22,10
JDU4MTI3MSM1MSMkMiMkMCMkMDAkMzgxMTkxIzExIyQxIyQzIyQ5MiQzNjE0ODEjNTEjJDEjJDYjJDgz,1,2021-11-30,10
JDU4MTI3MSM1MSMkMiMkMCMkMDAkMzgxMTkxIzExIyQxIyQzIyQ5MiQzNjEwMDIjNDEjJDEjJDgjJDgz,6,2021-11-24,10
JDU4MTI3MSM1MSMkMiMkMCMkMDAkMzgxMTkxIzExIyQyIyQzIyQwMCQyNjE0ODEjNDEjJDEjJDgjJDgz,17,2021-11-22,10
JDU4MTI3MSM1MSMkMiMkMCMkMDAkMzgxMTkxIzIxIyQxIyQ5IyQ3MiQzNjEwMDIjNTEjJDEjJDIjJDgz,23,2021-11-15,10
JDU4MTI3MSM1MSMkMiMkMCMkMDAkMzgxMTkxIzIxIyQxIyQ5IyQ3OSQzNjEwMDIjNjEjJDEjJDgjJDgz,21,2021-11-30,10
JDU4MTI3MSM1MSMkMiMkMCMkMDAkMzgxMTkxIzIxIyQxIyQ5IyQ5MiQzNjE4MzIjNTEjJDEjJDYjJDgz,1,2021-11-27,10
JDU4MTI3MSM1MSMkMiMkMCMkMDAkMzgxMTkxIzIxIyQxIyQxIyQ3MiQyNjE0ODEjODEjJDEjJDYjJDgz,10,2021-11-04,10
JDU4MTI3MSM1MSMkMiMkMCMkMDAkMzgxMTkxIzIxIyQyIyQ1IyQwMCQ0NjEwMDIjNjEjJDEjJDAjJDgz,23,2021-11-24,10
JDU4MTI3MSM1MSMkMiMkMCMkMDAkMzgxMTkxIzIxIyQyIyQ1IyQwMCQzNjEyMjIjNDEjJDEjJDQjJDgz,6,2021-11-30,10
JDU4MTI3MSM1MSMkMiMkMCMkMDAkMzgxMTkxIzMxIyQxIyQ3IyQ2MiQyNjE0ODEjNzEjJDEjJDgjJDgz,26,2021-11-21,10
JDU4MTI3MSM1MSMkMiMkMCMkMDAkMzgxMTkxIzMxIyQxIyQ3IyQ2MiQyNjEwMDIjNjEjJDEjJDQjJDgz,19,2021-11-02,10
JDU4MTI3MSM1MSMkMiMkMCMkMDAkMzgxMTkxIzMxIyQxIyQ3IyQwMyQyNjE4MzIjNDEjJDEjJDgjJDgz,25,2021-11-24,10
JDU4MTI3MSM1MSMkMiMkMCMkMDAkMzgxMTkxIzMxIyQxIyQzIyQ5OSQyNjEwMDIjNjEjJDEjJDAjJDgz,2,2021-11-21,10
JDU4MTI3MSM1MSMkMiMkMCMkMDAkMzgxMTkxIzQxIyQxIyQ3IyQ3MiQyNjEwMDIjODEjJDEjJDYjJDgz,9,2021-11-15,10
JDU4MTI3MSM1MSMkMiMkMCMkMDAkMzgxMTkxIzQxIyQxIyQ3IyQ3OSQyNjE0ODEjNjEjJDEjJDAjJDgz,16,2021-11-27,10
JDU4MTI3MSM1MSMkMiMkMCMkMDAkMzgxMTkxIzQxIyQxIyQ3IyQ4MiQyNjEwMDIjNjEjJDEjJDgjJDgz,13,2021-11-22,10
JDU4MTI3MSM1MSMkMiMkMCMkMDAkMzgxMTkxIzUxIyQxIyQ1IyQ4OSQyNjE4MzIjODEjJDEjJDYjJDgz,4,2021-11-12,10
JDU4MTI3MSM1MSMkMiMkMCMkMDAkMzgxMTkxIzUxIyQxIyQ1IyQwMyQ0NjEwMDIjODEjJDEjJDYjJDgz,29,2021-11-27,10
JDU4MTI3MSM1MSMkMiMkMCMkMDAkMzgxMTkxIzUxIyQxIyQxIyQ4MiQyNjE4MzIjODEjJDEjJDYjJDgz,28,2021-11-24,10
JDU4MTI3MSM1MSMkMiMkMCMkMDAkMzgxMzUxIzExIyQxIyQ3IyQ3MiQ0NjEwMDIjNjEjJDEjJDQjJDgz,7,2021-11-30,10
JDU4MTI3MSM1MSMkMiMkMCMkMDAkMzgxMzUxIzExIyQxIyQ3IyQ3OSQyNjE4MzIjNDEjJDEjJDQjJDgz,16,2021-11-18,10
JDU4MTI3MSM1MSMkMiMkMCMkMDAkMzgxMzUxIzExIyQxIyQzIyQ2MiQ0NjEwMDIjNDEjJDEjJDgjJDgz,24,2021-11-04,10
JDU4MTI3MSM1MSMkMiMkMCMkMDAkMzgxMzUxIzExIyQxIyQzIyQ4OSQzNjE4MzIjNTEjJDEjJDYjJDgz,11,2021-11-08,10
JDU4MTI3MSM1MSMkMiMkMCMkMDAkMzgxMzUxIzExIyQxIyQzIyQ4OSQzNjEyMjIjNjEjJDEjJDQjJDgz,25,2021-11-15,10
JDU4MTI3MSM1MSMkMiMkMCMkMDAkMzgxMzUxIzExIyQxIyQzIyQxMyQzNjE0ODEjNzEjJDEjJDgjJDgz,6,2021-11-27,10
JDU4MTI3MSM1MSMkMiMkMCMkMDAkMzgxMzUxIzIxIyQxIyQ1IyQ3OSQ0NjE0ODEjNTEjJDEjJDYjJDgz,1,2021-11-08,10
JDU4MTI3MSM1MSMkMiMkMCMkMDAkMzgxMzUxIzIxIyQxIyQ1IyQ4MiQzNjEyMjIjNDEjJDEjJDgjJDgz,5,2021-11-18,10
JDU4MTI3MSM1MSMkMiMkMCMkMDAkMzgxMzUxIzIxIyQxIyQ1IyQwMyQ0NjE0ODEjNDEjJDEjJDgjJDgz,17,2021-11-15,10
JDU4MTI3MSM1MSMkMiMkMCMkMDAkMzgxMzUxIzIxIyQxIyQ1IyQwMyQzNjEwMDIjNzEjJDEjJDgjJDgz,18,2021-11-27,10
JDU4MTI3MSM1MSMkMiMkMCMkMDAkMzgxMzUxIzIxIyQxIyQ5IyQ2MiQzNjEyMjIjNTEjJDEjJDIjJDgz,15,2021-11-21,10
JDU4MTI3MSM1MSMkMiMkMCMkMDAkMzgxMzUxIzIxIyQxIyQxIyQ5MiQzNjEyMjIjNDEjJDEjJDgjJDgz,28,2021-11-01,10
JDU4MTI3MSM1MSMkMiMkMCMkMDAkMzgxMzUxIzIxIyQxIyQxIyQwMyQyNjEwMDIjODEjJDEjJDIjJDgz,30,2021-11-22,10
JDU4MTI3MSM1MSMkMiMkMCMkMDAkMzgxMzUxIzIxIyQxIyQxIyQwMyQzNjE0ODEjNTEjJDEjJDIjJDgz,5,2021-11-21,10
JDU4MTI3MSM1MSMkMiMkMCMkMDAkMzgxMzUxIzQxIyQxIyQ3IyQ5MiQyNjE0ODEjNjEjJDEjJDAjJDgz,17,2021-11-21,10
JDU4MTI3MSM1MSMkMiMkMCMkMDAkMzgxMzUxIzUxIyQxIyQ1IyQ3OSQ0NjE0ODEjNDEjJDEjJDgjJDgz,24,2021-11-30,10
JDU4MTI3MSM1MSMkMiMkMCMkMDAkMzgxMzUxIzUxIyQxIyQ1IyQ5MiQyNjEyMjIjNTEjJDEjJDYjJDgz,15,2021-11-04,10
JDU4MTI3MSM1MSMkMiMkMCMkMDAkMzgxMzUxIzUxIyQxIyQxIyQ4MiQzNjE0ODEjNjEjJDEjJDgjJDgz,1,2021-11-04,10
JDU4MTI3MSM1MSMkMiMkMCMkMDAkMzgxMzUxIzUxIyQxIyQxIyQ4MiQzNjEyMjIjNTEjJDEjJDIjJDgz,8,2021-11-21,10
JDU4MTI3MSM1MSMkMiMkMCMkMDAkMzgxMzUxIzUxIyQxIyQxIyQ5MiQzNjEyMjIjNDEjJDEjJDQjJDgz,13,2021-11-27,10
JDU4MTI3MSM1MSMkMiMkMCMkMDAkMzgxMzUxIzUxIyQyIyQ1IyQwMCQyNjE4MzIjNTEjJDEjJDIjJDgz,4,2021-11-01,10
JDU4MTI3MSM1MSMkMiMkMCMkMDAkMzgxNzAyIzExIyQxIyQ3IyQ3OSQzNjE0ODEjNjEjJDEjJDAjJDgz,21,2021-11-01,10
JDU4MTI3MSM1MSMkMiMkMCMkMDAkMzgxNzAyIzExIyQxIyQzIyQ3OSQzNjE4MzIjNTEjJDEjJDIjJDgz,12,2021-11-30,10
JDU4MTI3MSM1MSMkMiMkMCMkMDAkMzgxNzAyIzIxIyQxIyQ1IyQ3MiQyNjEwMDIjODEjJDEjJDYjJDgz,4,2021-11-02,10
JDU4MTI3MSM1MSMkMiMkMCMkMDAkMzgxNzAyIzIxIyQxIyQ5IyQ2MiQzNjEyMjIjODEjJDEjJDYjJDgz,7,2021-11-08,10
JDU4MTI3MSM1MSMkMiMkMCMkMDAkMzgxNzAyIzIxIyQxIyQ5IyQ5OSQyNjEyMjIjNDEjJDEjJDgjJDgz,10,2021-11-01,10
JDU4MTI3MSM1MSMkMiMkMCMkMDAkMzgxNzAyIzIxIyQxIyQxIyQ2MiQzNjEwMDIjODEjJDEjJDIjJDgz,2,2021-11-08,10
JDU4MTI3MSM1MSMkMiMkMCMkMDAkMzgxNzAyIzIxIyQxIyQxIyQ3OSQ0NjE0ODEjNTEjJDEjJDYjJDgz,22,2021-11-08,10
JDU4MTI3MSM1MSMkMiMkMCMkMDAkMzgxNzAyIzIxIyQxIyQxIyQ3OSQzNjEwMDIjODEjJDEjJDYjJDgz,27,2021-11-08,10
JDU4MTI3MSM1MSMkMiMkMCMkMDAkMzgxNzAyIzIxIyQxIyQxIyQ4MiQyNjEwMDIjNDEjJDEjJDQjJDgz,11,2021-11-21,10
JDU4MTI3MSM1MSMkMiMkMCMkMDAkMzgxNzAyIzMxIyQxIyQ3IyQ3MiQ0NjE0ODEjNjEjJDEjJDQjJDgz,20,2021-11-24,10
JDU4MTI3MSM1MSMkMiMkMCMkMDAkMzgxNzAyIzMxIyQxIyQ3IyQ3OSQzNjE0ODEjNjEjJDEjJDgjJDgz,2,2021-11-01,10
JDU4MTI3MSM1MSMkMiMkMCMkMDAkMzgxNzAyIzMxIyQxIyQ3IyQ4OSQzNjEwMDIjNDEjJDEjJDgjJDgz,14,2021-11-08,10
JDU4MTI3MSM1MSMkMiMkMCMkMDAkMzgxNzAyIzMxIyQxIyQzIyQxMyQyNjEwMDIjNDEjJDEjJDgjJDgz,19,2021-11-08,10
JDU4MTI3MSM1MSMkMiMkMCMkMDAkMzgxNzAyIzQxIyQxIyQ3IyQ5MiQzNjE0ODEjNTEjJDEjJDYjJDgz,11,2021-11-08,10
JDU4MTI3MSM1MSMkMiMkMCMkMDAkMzgxNzAyIzUxIyQxIyQ1IyQ4OSQyNjE4MzIjNjEjJDEjJDAjJDgz,22,2021-11-08,10
JDU4MTI3MSM1MSMkMiMkMCMkMDAkMzgxNzAyIzUxIyQxIyQ1IyQwMyQzNjEwMDIjNDEjJDEjJDgjJDgz,28,2021-11-15,10
JDU4MTI3MSM1MSMkMiMkMCMkMDAkMzgxNzAyIzUxIyQxIyQxIyQ5OSQzNjEyMjIjNDEjJDEjJDQjJDgz,15,2021-11-27,10
JDU4MTI3MSM1MSMkMiMkMCMkMDAkMzgxOTYxIzExIyQxIyQ3IyQ3MiQ0NjE0ODEjNTEjJDEjJDIjJDgz,26,2021-11-01,10
JDU4MTI3MSM1MSMkMiMkMCMkMDAkMzgxOTYxIzExIyQxIyQ3IyQwMyQyNjEwMDIjNzEjJDEjJDgjJDgz,11,2021-11-21,10
JDU4MTI3MSM1MSMkMiMkMCMkMDAkMzgxOTYxIzExIyQxIyQ3IyQwMyQzNjE0ODEjNDEjJDEjJDgjJDgz,11,2021-11-18,10
JDU4MTI3MSM1MSMkMiMkMCMkMDAkMzgxOTYxIzExIyQxIyQ3IyQxMyQzNjE0ODEjODEjJDEjJDYjJDgz,5,2021-11-04,10
JDU4MTI3MSM1MSMkMiMkMCMkMDAkMzgxOTYxIzExIyQxIyQzIyQ2MiQyNjE0ODEjNTEjJDEjJDYjJDgz,22,2021-11-12,10
JDU4MTI3MSM1MSMkMiMkMCMkMDAkMzgxOTYxIzExIyQxIyQzIyQ2MiQyNjEwMDIjNDEjJDEjJDgjJDgz,2,2021-11-08,10
JDU4MTI3MSM1MSMkMiMkMCMkMDAkMzgxOTYxIzExIyQyIyQ3IyQwMCQyNjEwMDIjNDEjJDEjJDgjJDgz,15,2021-11-30,10
JDU4MTI3MSM1MSMkMiMkMCMkMDAkMzgxOTYxIzIxIyQxIyQ1IyQ2MiQzNjEwMDIjNTEjJDEjJDYjJDgz,15,2021-11-02,10
JDU4MTI3MSM1MSMkMiMkMCMkMDAkMzgxOTYxIzIxIyQxIyQ1IyQ3OSQzNjEwMDIjNjEjJDEjJDAjJDgz,21,2021-11-18,10
JDU4MTI3MSM1MSMkMiMkMCMkMDAkMzgxOTYxIzIxIyQxIyQ1IyQ4MiQzNjEwMDIjODEjJDEjJDIjJDgz,10,2021-11-15,10
JDU4MTI3MSM1MSMkMiMkMCMkMDAkMzgxOTYxIzIxIyQxIyQ1IyQ4OSQ0NjEwMDIjNjEjJDEjJDAjJDgz,1,2021-11-30,10
JDU4MTI3MSM1MSMkMiMkMCMkMDAkMzgxOTYxIzIxIyQxIyQ1IyQ5MiQyNjE4MzIjODEjJDEjJDYjJDgz,19,2021-11-18,10
JDU4MTI3MSM1MSMkMiMkMCMkMDAkMzgxOTYxIzIxIyQxIyQ5IyQ2MiQyNjE0ODEjODEjJDEjJDYjJDgz,7,2021-11-15,10
JDU4MTI3MSM1MSMkMiMkMCMkMDAkMzgxOTYxIzIxIyQxIyQ5IyQ3OSQyNjE4MzIjNjEjJDEjJDAjJDgz,24,2021-11-08,10
JDU4MTI3MSM1MSMkMiMkMCMkMDAkMzgxOTYxIzIxIyQxIyQ5IyQ4MiQzNjE4MzIjNDEjJDEjJDgjJDgz,9,2021-11-24,10
JDU4MTI3MSM1MSMkMiMkMCMkMDAkMzgxOTYxIzIxIyQxIyQ5IyQ5OSQ0NjE0ODEjNDEjJDEjJDQjJDgz,8,2021-11-08,10
JDU4MTI3MSM1MSMkMiMkMCMkMDAkMzgxOTYxIzIxIyQxIyQ5IyQ5OSQzNjE4MzIjNDEjJDEjJDgjJDgz,8,2021-11-24,10
JDU4MTI3MSM1MSMkMiMkMCMkMDAkMzgxOTYxIzIxIyQxIyQxIyQ3MiQ0NjE0ODEjODEjJDEjJDYjJDgz,6,2021-11-12,10
JDU4MTI3MSM1MSMkMiMkMCMkMDAkMzgxOTYxIzIxIyQxIyQxIyQ5OSQ0NjEwMDIjNjEjJDEjJDQjJDgz,11,2021-11-01,10
JDU4MTI3MSM1MSMkMiMkMCMkMDAkMzgxOTYxIzIxIyQxIyQxIyQ5OSQzNjEwMDIjNTEjJDEjJDIjJDgz,8,2021-11-15,10
JDU4MTI3MSM1MSMkMiMkMCMkMDAkMzgxOTYxIzIxIyQxIyQxIyQwMyQzNjEyMjIjNjEjJDEjJDAjJDgz,9,2021-11-15,10
JDU4MTI3MSM1MSMkMiMkMCMkMDAkMzgxOTYxIzIxIyQyIyQxIyQwMCQyNjEwMDIjNzEjJDEjJDgjJDgz,2,2021-11-22,10
JDU4MTI3MSM1MSMkMiMkMCMkMDAkMzgxOTYxIzMxIyQxIyQ3IyQ4MiQzNjE0ODEjODEjJDEjJDYjJDgz,2,2021-11-08,10
JDU4MTI3MSM1MSMkMiMkMCMkMDAkMzgxOTYxIzMxIyQxIyQ3IyQ5OSQyNjE0ODEjNzEjJDEjJDgjJDgz,26,2021-11-24,10
JDU4MTI3MSM1MSMkMiMkMCMkMDAkMzgxOTYxIzMxIyQxIyQzIyQ3OSQyNjEwMDIjNjEjJDEjJDAjJDgz,22,2021-11-04,10
JDU4MTI3MSM1MSMkMiMkMCMkMDAkMzgxOTYxIzMxIyQxIyQzIyQ5OSQzNjE4MzIjODEjJDEjJDIjJDgz,9,2021-11-15,10
JDU4MTI3MSM1MSMkMiMkMCMkMDAkMzgxOTYxIzMxIyQyIyQ3IyQwMCQzNjE4MzIjNDEjJDEjJDgjJDgz,14,2021-11-21,10
JDU4MTI3MSM1MSMkMiMkMCMkMDAkMzgxOTYxIzMxIyQyIyQzIyQwMCQyNjE4MzIjNTEjJDEjJDIjJDgz,5,2021-11-08,10
JDU4MTI3MSM1MSMkMiMkMCMkMDAkMzgxOTYxIzQxIyQxIyQ3IyQ4MiQzNjEwMDIjNTEjJDEjJDYjJDgz,23,2021-11-22,10
JDU4MTI3MSM1MSMkMiMkMCMkMDAkMzgxOTYxIzQxIyQyIyQ3IyQwMCQzNjE4MzIjODEjJDEjJDIjJDgz,30,2021-11-15,10
JDU4MTI3MSM1MSMkMiMkMCMkMDAkMzgxOTYxIzUxIyQxIyQ1IyQ4MiQ0NjE0ODEjNDEjJDEjJDgjJDgz,7,2021-11-24,10
JDU4MTI3MSM1MSMkMiMkMCMkMDAkMzgxOTYxIzUxIyQxIyQ1IyQxMyQ0NjEwMDIjNDEjJDEjJDgjJDgz,4,2021-11-15,10
JDU4MTI3MSM1MSMkMiMkMCMkMDAkMzgxOTYxIzUxIyQxIyQxIyQ2MiQzNjEwMDIjNjEjJDEjJDQjJDgz,7,2021-11-01,10
JDU4MTI3MSM1MSMkMiMkMCMkMDAkMzgxOTYxIzUxIyQxIyQxIyQ3OSQzNjEyMjIjNjEjJDEjJDAjJDgz,29,2021-11-15,10
JDU4MTI3MSM1MSMkMiMkMCMkMDAkMzgxOTYxIzUxIyQxIyQxIyQ4OSQ0NjE0ODEjODEjJDEjJDIjJDgz,2,2021-11-15,10
JDU4MTI3MSM1MSMkMiMkMCMkMDAkMzgxOTYxIzUxIyQxIyQxIyQwMyQzNjE4MzIjNDEjJDEjJDgjJDgz,11,2021-11-24,10
JDU4MTI3MSM1MSMkMiMkMCMkMDAkMzgxOTYxIzUxIyQxIyQxIyQxMyQzNjE4MzIjODEjJDEjJDIjJDgz,1,2021-11-15,10
JDU4MTI3MSM1MSMkMiMkMCMkMDAkMzgxOTYxIzUxIyQxIyQxIyQxMyQzNjEyMjIjNDEjJDEjJDQjJDgz,28,2021-11-18,10
JDU4MTI3MSM1MSMkMiMkMCMkMDAkNDgxMTkxIzExIyQxIyQ3IyQ3MiQyNjE0ODEjNjEjJDEjJDAjJDgz,12,2021-11-30,10
JDU4MTI3MSM1MSMkMiMkMCMkMDAkNDgxMTkxIzExIyQxIyQzIyQ2MiQzNjE0ODEjNTEjJDEjJDYjJDgz,19,2021-11-12,10
JDU4MTI3MSM1MSMkMiMkMCMkMDAkNDgxMTkxIzExIyQyIyQzIyQwMCQyNjEyMjIjNDEjJDEjJDQjJDgz,9,2021-11-24,10
JDU4MTI3MSM1MSMkMiMkMCMkMDAkNDgxMTkxIzExIyQyIyQzIyQwMCQzNjE4MzIjNDEjJDEjJDgjJDgz,1,2021-11-24,10
JDU4MTI3MSM1MSMkMiMkMCMkMDAkNDgxMTkxIzIxIyQxIyQ1IyQ3MiQyNjEyMjIjNTEjJDEjJDYjJDgz,27,2021-11-02,10
JDU4MTI3MSM1MSMkMiMkMCMkMDAkNDgxMTkxIzIxIyQxIyQ1IyQ4OSQ0NjE0ODEjNTEjJDEjJDYjJDgz,6,2021-11-08,10
JDU4MTI3MSM1MSMkMiMkMCMkMDAkNDgxMTkxIzIxIyQxIyQ5IyQ5OSQzNjEyMjIjNDEjJDEjJDgjJDgz,1,2021-11-02,10
JDU4MTI3MSM1MSMkMiMkMCMkMDAkNDgxMTkxIzIxIyQxIyQxIyQwMyQyNjE0ODEjNTEjJDEjJDIjJDgz,13,2021-11-01,10
JDU4MTI3MSM1MSMkMiMkMCMkMDAkNDgxMTkxIzMxIyQxIyQ3IyQ4OSQ0NjEwMDIjNDEjJDEjJDgjJDgz,30,2021-11-02,10
JDU4MTI3MSM1MSMkMiMkMCMkMDAkNDgxMTkxIzMxIyQxIyQ3IyQxMyQyNjEyMjIjNDEjJDEjJDgjJDgz,22,2021-11-15,10
JDU4MTI3MSM1MSMkMiMkMCMkMDAkNDgxMTkxIzMxIyQxIyQ3IyQxMyQzNjE4MzIjNTEjJDEjJDIjJDgz,13,2021-11-15,10
JDU4MTI3MSM1MSMkMiMkMCMkMDAkNDgxMTkxIzMxIyQxIyQ3IyQxMyQzNjEyMjIjNjEjJDEjJDAjJDgz,11,2021-11-27,10
JDU4MTI3MSM1MSMkMiMkMCMkMDAkNDgxMTkxIzMxIyQxIyQzIyQ4OSQzNjE0ODEjNTEjJDEjJDYjJDgz,7,2021-11-02,10
JDU4MTI3MSM1MSMkMiMkMCMkMDAkNDgxMTkxIzQxIyQxIyQ3IyQ2MiQzNjE0ODEjODEjJDEjJDIjJDgz,30,2021-11-15,10
JDU4MTI3MSM1MSMkMiMkMCMkMDAkNDgxMTkxIzQxIyQxIyQ3IyQ5MiQ0NjE0ODEjNTEjJDEjJDIjJDgz,15,2021-11-01,10
JDU4MTI3MSM1MSMkMiMkMCMkMDAkNDgxMTkxIzUxIyQxIyQ1IyQ4MiQyNjE0ODEjNTEjJDEjJDIjJDgz,20,2021-11-21,10
JDU4MTI3MSM1MSMkMiMkMCMkMDAkNDgxMTkxIzUxIyQxIyQ1IyQ5OSQzNjEwMDIjNjEjJDEjJDAjJDgz,12,2021-11-01,10
JDU4MTI3MSM1MSMkMiMkMCMkMDAkNDgxMTkxIzUxIyQxIyQ1IyQxMyQzNjE0ODEjNzEjJDEjJDgjJDgz,21,2021-11-15,10
JDU4MTI3MSM1MSMkMiMkMCMkMDAkNDgxMTkxIzUxIyQxIyQxIyQ3MiQyNjE4MzIjNTEjJDEjJDYjJDgz,19,2021-11-24,10
JDU4MTI3MSM1MSMkMiMkMCMkMDAkNDgxMTkxIzUxIyQxIyQxIyQ3MiQyNjEyMjIjNjEjJDEjJDQjJDgz,27,2021-11-12,10
JDU4MTI3MSM1MSMkMiMkMCMkMDAkNDgxMTkxIzUxIyQxIyQxIyQ3OSQzNjEwMDIjNTEjJDEjJDYjJDgz,22,2021-11-15,10
JDU4MTI3MSM1MSMkMiMkMCMkMDAkNDgxMTkxIzUxIyQxIyQxIyQ5MiQyNjE4MzIjODEjJDEjJDIjJDgz,26,2021-11-12,10
JDU4MTI3MSM1MSMkMiMkMCMkMDAkNDgxMTkxIzUxIyQxIyQxIyQwMyQ0NjEwMDIjNjEjJDEjJDAjJDgz,5,2021-11-08,10
JDU4MTI3MSM1MSMkMiMkMCMkMDAkNDgxMTkxIzUxIyQyIyQ1IyQwMCQ0NjE0ODEjNjEjJDEjJDgjJDgz,27,2021-11-21,10
JDU4MTI3MSM1MSMkMiMkMCMkMDAkNDgxMzUxIzExIyQxIyQzIyQ2MiQ0NjE0ODEjNjEjJDEjJDQjJDgz,20,2021-11-15,10
JDU4MTI3MSM1MSMkMiMkMCMkMDAkNDgxMzUxIzExIyQxIyQzIyQ5MiQzNjEyMjIjNDEjJDEjJDgjJDgz,21,2021-11-21,10
JDU4MTI3MSM1MSMkMiMkMCMkMDAkNDgxMzUxIzExIyQyIyQzIyQwMCQyNjE0ODEjNTEjJDEjJDIjJDgz,4,2021-11-24,10
JDU4MTI3MSM1MSMkMiMkMCMkMDAkNDgxMzUxIzIxIyQxIyQ1IyQ3OSQ0NjEwMDIjNTEjJDEjJDYjJDgz,13,2021-11-21,10
JDU4MTI3MSM1MSMkMiMkMCMkMDAkNDgxMzUxIzIxIyQxIyQ5IyQ2MiQzNjE0ODEjODEjJDEjJDIjJDgz,23,2021-11-12,10
JDU4MTI3MSM1MSMkMiMkMCMkMDAkNDgxMzUxIzIxIyQxIyQ5IyQ3MiQzNjEwMDIjNTEjJDEjJDYjJDgz,9,2021-11-24,10
JDU4MTI3MSM1MSMkMiMkMCMkMDAkNDgxMzUxIzIxIyQxIyQxIyQ3MiQzNjEyMjIjODEjJDEjJDYjJDgz,14,2021-11-08,10
JDU4MTI3MSM1MSMkMiMkMCMkMDAkNDgxMzUxIzIxIyQxIyQxIyQ3OSQyNjEyMjIjNDEjJDEjJDQjJDgz,25,2021-11-30,10
JDU4MTI3MSM1MSMkMiMkMCMkMDAkNDgxMzUxIzIxIyQxIyQxIyQ5OSQzNjE0ODEjNDEjJDEjJDgjJDgz,30,2021-11-18,10
JDU4MTI3MSM1MSMkMiMkMCMkMDAkNDgxMzUxIzIxIyQxIyQxIyQwMyQzNjEwMDIjNTEjJDEjJDIjJDgz,24,2021-11-04,10
JDU4MTI3MSM1MSMkMiMkMCMkMDAkNDgxMzUxIzIxIyQxIyQxIyQxMyQyNjE0ODEjODEjJDEjJDYjJDgz,5,2021-11-22,10
JDU4MTI3MSM1MSMkMiMkMCMkMDAkNDgxMzUxIzMxIyQxIyQ3IyQxMyQyNjE0ODEjNjEjJDEjJDAjJDgz,10,2021-11-18,10
JDU4MTI3MSM1MSMkMiMkMCMkMDAkNDgxMzUxIzMxIyQxIyQzIyQ5OSQyNjE4MzIjNDEjJDEjJDgjJDgz,21,2021-11-15,10
JDU4MTI3MSM1MSMkMiMkMCMkMDAkNDgxMzUxIzMxIyQxIyQzIyQ5OSQyNjEyMjIjNTEjJDEjJDYjJDgz,16,2021-11-08,10
JDU4MTI3MSM1MSMkMiMkMCMkMDAkNDgxMzUxIzQxIyQxIyQ3IyQ3MiQyNjE0ODEjNDEjJDEjJDgjJDgz,1,2021-11-27,10
JDU4MTI3MSM1MSMkMiMkMCMkMDAkNDgxMzUxIzQxIyQxIyQ3IyQ3MiQzNjE0ODEjNjEjJDEjJDAjJDgz,23,2021-11-15,10
JDU4MTI3MSM1MSMkMiMkMCMkMDAkNDgxMzUxIzQxIyQxIyQ3IyQ3MiQzNjEyMjIjNDEjJDEjJDgjJDgz,20,2021-11-30,10
JDU4MTI3MSM1MSMkMiMkMCMkMDAkNDgxMzUxIzQxIyQxIyQ3IyQ4MiQzNjEwMDIjNDEjJDEjJDQjJDgz,25,2021-11-04,10
JDU4MTI3MSM1MSMkMiMkMCMkMDAkNDgxMzUxIzQxIyQxIyQ3IyQ5OSQ0NjEwMDIjNTEjJDEjJDYjJDgz,5,2021-11-04,10
JDU4MTI3MSM1MSMkMiMkMCMkMDAkNDgxMzUxIzUxIyQxIyQxIyQ5MiQzNjEyMjIjNDEjJDEjJDgjJDgz,10,2021-11-18,10
JDU4MTI3MSM1MSMkMiMkMCMkMDAkNDgxNzAyIzExIyQxIyQ3IyQ5MiQ0NjEwMDIjODEjJDEjJDIjJDgz,15,2021-11-04,10
JDU4MTI3MSM1MSMkMiMkMCMkMDAkNDgxNzAyIzExIyQxIyQ3IyQ5OSQzNjEwMDIjODEjJDEjJDYjJDgz,4,2021-11-24,10
JDU4MTI3MSM1MSMkMiMkMCMkMDAkNDgxNzAyIzExIyQxIyQzIyQ3OSQ0NjE0ODEjNTEjJDEjJDIjJDgz,9,2021-11-30,10
JDU4MTI3MSM1MSMkMiMkMCMkMDAkNDgxNzAyIzExIyQxIyQzIyQ4MiQzNjEwMDIjNDEjJDEjJDgjJDgz,9,2021-11-27,10
JDU4MTI3MSM1MSMkMiMkMCMkMDAkNDgxNzAyIzIxIyQxIyQ1IyQ3MiQzNjE0ODEjNjEjJDEjJDQjJDgz,8,2021-11-08,10
JDU4MTI3MSM1MSMkMiMkMCMkMDAkNDgxNzAyIzIxIyQxIyQ1IyQxMyQyNjE0ODEjNDEjJDEjJDgjJDgz,24,2021-11-08,10
JDU4MTI3MSM1MSMkMiMkMCMkMDAkNDgxNzAyIzIxIyQxIyQxIyQ4MiQyNjE4MzIjODEjJDEjJDIjJDgz,13,2021-11-27,10
JDU4MTI3MSM1MSMkMiMkMCMkMDAkNDgxNzAyIzIxIyQxIyQxIyQ5MiQyNjEyMjIjNzEjJDEjJDgjJDgz,21,2021-11-01,10
JDU4MTI3MSM1MSMkMiMkMCMkMDAkNDgxNzAyIzIxIyQxIyQxIyQwMyQ0NjE0ODEjNTEjJDEjJDYjJDgz,16,2021-11-01,10
JDU4MTI3MSM1MSMkMiMkMCMkMDAkNDgxNzAyIzIxIyQxIyQxIyQxMyQ0NjEwMDIjODEjJDEjJDYjJDgz,16,2021-11-04,10
JDU4MTI3MSM1MSMkMiMkMCMkMDAkNDgxOTYxIzExIyQxIyQ3IyQ2MiQyNjEwMDIjNDEjJDEjJDQjJDgz,23,2021-11-24,10
JDU4MTI3MSM1MSMkMiMkMCMkMDAkNDgxOTYxIzExIyQxIyQ3IyQ2MiQzNjEyMjIjNDEjJDEjJDgjJDgz,20,2021-11-08,10
JDU4MTI3MSM1MSMkMiMkMCMkMDAkNDgxOTYxIzExIyQxIyQ3IyQ3OSQzNjE0ODEjNjEjJDEjJDQjJDgz,18,2021-11-22,10
JDU4MTI3MSM1MSMkMiMkMCMkMDAkNDgxOTYxIzExIyQxIyQ3IyQ4OSQzNjE4MzIjNzEjJDEjJDgjJDgz,23,2021-11-02,10
JDU4MTI3MSM1MSMkMiMkMCMkMDAkNDgxOTYxIzExIyQxIyQ3IyQ5MiQ0NjEwMDIjNzEjJDEjJDgjJDgz,14,2021-11-15,10
JDU4MTI3MSM1MSMkMiMkMCMkMDAkNDgxOTYxIzExIyQxIyQ3IyQ5MiQyNjE0ODEjNTEjJDEjJDYjJDgz,27,2021-11-27,10
JDU4MTI3MSM1MSMkMiMkMCMkMDAkNDgxOTYxIzExIyQxIyQ3IyQ5MiQzNjEyMjIjNTEjJDEjJDIjJDgz,22,2021-11-15,10
JDU4MTI3MSM1MSMkMiMkMCMkMDAkNDgxOTYxIzExIyQxIyQzIyQ2MiQzNjE4MzIjNTEjJDEjJDIjJDgz,3,2021-11-02,10
JDU4MTI3MSM1MSMkMiMkMCMkMDAkNDgxOTYxIzExIyQxIyQzIyQ3OSQyNjEyMjIjNTEjJDEjJDIjJDgz,6,2021-11-22,10
JDU4MTI3MSM1MSMkMiMkMCMkMDAkNDgxOTYxIzIxIyQxIyQ1IyQxMyQzNjEyMjIjNDEjJDEjJDQjJDgz,19,2021-11-22,10
JDU4MTI3MSM1MSMkMiMkMCMkMDAkNDgxOTYxIzIxIyQxIyQ5IyQ3OSQyNjE0ODEjNDEjJDEjJDgjJDgz,19,2021-11-12,10
JDU4MTI3MSM1MSMkMiMkMCMkMDAkNDgxOTYxIzIxIyQxIyQxIyQ4OSQ0NjE0ODEjNDEjJDEjJDgjJDgz,4,2021-11-08,10
JDU4MTI3MSM1MSMkMiMkMCMkMDAkNDgxOTYxIzIxIyQxIyQxIyQ5MiQ0NjEwMDIjNTEjJDEjJDYjJDgz,18,2021-11-15,10
JDU4MTI3MSM1MSMkMiMkMCMkMDAkNDgxOTYxIzMxIyQxIyQ3IyQ4MiQyNjE0ODEjODEjJDEjJDIjJDgz,26,2021-11-15,10
JDU4MTI3MSM1MSMkMiMkMCMkMDAkNDgxOTYxIzMxIyQxIyQzIyQwMyQ0NjEwMDIjNDEjJDEjJDQjJDgz,4,2021-11-15,10
JDU4MTI3MSM1MSMkMiMkMCMkMDAkNDgxOTYxIzMxIyQyIyQzIyQwMCQyNjEwMDIjODEjJDEjJDIjJDgz,22,2021-11-15,10
JDU4MTI3MSM1MSMkMiMkMCMkMDAkNDgxOTYxIzQxIyQxIyQ3IyQ5MiQ0NjEwMDIjNjEjJDEjJDQjJDgz,20,2021-11-27,10
JDU4MTI3MSM1MSMkMiMkMCMkMDAkNDgxOTYxIzQxIyQxIyQ3IyQxMyQzNjEyMjIjNjEjJDEjJDQjJDgz,27,2021-11-01,10
JDU4MTI3MSM1MSMkMiMkMCMkMDAkNDgxOTYxIzUxIyQxIyQ1IyQ3MiQ0NjE0ODEjNjEjJDEjJDQjJDgz,29,2021-11-12,10
JDU4MTI3MSM1MSMkMiMkMCMkMDAkNDgxOTYxIzUxIyQxIyQxIyQwMyQ0NjE0ODEjNDEjJDEjJDgjJDgz,17,2021-11-15,10
JDU4MTI3MSM1MSMkMiMkMCMkMDAkNDgxOTYxIzUxIyQyIyQxIyQwMCQzNjE0ODEjNDEjJDEjJDgjJDgz,28,2021-11-02,10
JDQ4MTg4MSM1MSMkMSMkMCMkOTkkMzgxMzUxIzIxIyQxIyQ5IyQ3MiQyNjEwMDIjNjEjJDEjJDgjJDgz,179,2021-11-02,20
JDQ4MTg4MSM1MSMkMSMkMCMkOTkkMzgxMzUxIzMxIyQxIyQ3IyQxMyQ0NjE0ODEjNjEjJDEjJDQjJDgz,245,2021-11-22,20
JDQ4MTg4MSM1MSMkMSMkMCMkOTkkMzgxMzUxIzMxIyQxIyQzIyQxMyQyNjEyMjIjNDEjJDEjJDQjJDgz,124,2021-11-08,20
JDQ4MTg4MSM1MSMkMSMkMCMkOTkkMzgxMzUxIzQxIyQxIyQ3IyQ2MiQzNjEwMDIjNDEjJDEjJDgjJDgz,138,2021-11-12,20
JDQ4MTg4MSM1MSMkMSMkMCMkOTkkMzgxMzUxIzQxIyQxIyQ3IyQ3OSQyNjEwMDIjODEjJDEjJDYjJDgz,180,2021-11-08,20
JDQ4MTg4MSM1MSMkMSMkMCMkOTkkMzgxMzUxIzQxIyQxIyQ3IyQ3OSQyNjEyMjIjNzEjJDEjJDgjJDgz,187,2021-11-30,20
JDQ4MTYyMiM1MSMkMiMkMCMkMDAkMzgxMTkxIzQxIyQxIyQ3IyQ3MiQyNjE4MzIjNTEjJDEjJDIjJDgz,12,2021-11-04,20
JDQ4MTYyMiM1MSMkMiMkMCMkMDAkMzgxMTkxIzUxIyQxIyQ1IyQ5OSQzNjE4MzIjNjEjJDEjJDgjJDgz,10,2021-11-30,20
JDQ4MTYyMiM1MSMkMiMkMCMkMDAkMzgxMTkxIzUxIyQxIyQxIyQ4MiQyNjE0ODEjNDEjJDEjJDgjJDgz,11,2021-11-02,20
JDQ4MTYyMiM1MSMkMiMkMCMkMDAkMzgxNzAyIzExIyQxIyQ3IyQ3MiQyNjEwMDIjNTEjJDEjJDYjJDgz,21,2021-11-02,20
JDQ4MTYyMiM1MSMkMiMkMCMkMDAkMzgxNzAyIzExIyQxIyQ3IyQxMyQyNjE0ODEjNjEjJDEjJDAjJDgz,11,2021-11-04,20
JDQ4MTYyMiM1MSMkMiMkMCMkMDAkMzgxNzAyIzIxIyQxIyQ1IyQ5MiQzNjE0ODEjNjEjJDEjJDQjJDgz,10,2021-11-04,20
JDQ4MTYyMiM1MSMkMiMkMCMkMDAkMzgxNzAyIzIxIyQxIyQ5IyQwMyQyNjEwMDIjNjEjJDEjJDAjJDgz,28,2021-11-24,20
JDQ4MTYyMiM1MSMkMiMkMCMkMDAkMzgxNzAyIzIxIyQxIyQ5IyQxMyQyNjE0ODEjNTEjJDEjJDYjJDgz,25,2021-11-22,20
JDQ4MTYyMiM1MSMkMiMkMCMkMDAkMzgxNzAyIzMxIyQxIyQ3IyQ3MiQzNjE4MzIjNjEjJDEjJDAjJDgz,10,2021-11-18,20
JDQ4MTYyMiM1MSMkMiMkMCMkMDAkMzgxNzAyIzMxIyQxIyQzIyQ4MiQzNjEwMDIjODEjJDEjJDYjJDgz,15,2021-11-15,20
JDQ4MTYyMiM1MSMkMiMkMCMkMDAkMzgxNzAyIzQxIyQxIyQ3IyQ2MiQyNjEwMDIjNjEjJDEjJDAjJDgz,20,2021-11-12,20
JDQ4MTYyMiM1MSMkMiMkMCMkMDAkMzgxNzAyIzUxIyQxIyQ1IyQ4OSQzNjEwMDIjODEjJDEjJDIjJDgz,8,2021-11-30,20
JDQ4MTYyMiM1MSMkMiMkMCMkMDAkMzgxNzAyIzUxIyQyIyQxIyQwMCQ0NjEwMDIjODEjJDEjJDYjJDgz,11,2021-11-01,20
JDQ4MTYyMiM1MSMkMiMkMCMkMDAkMzgxOTYxIzUxIyQxIyQ1IyQ4MiQyNjEwMDIjNDEjJDEjJDgjJDgz,17,2021-11-22,20
JDQ4MTYyMiM1MSMkMiMkMCMkMDAkNDgxMTkxIzExIyQxIyQ3IyQ3MiQzNjEyMjIjNDEjJDEjJDgjJDgz,9,2021-11-12,20
JDQ4MTYyMiM1MSMkMiMkMCMkMDAkNDgxMTkxIzExIyQxIyQ3IyQ5OSQzNjEyMjIjODEjJDEjJDYjJDgz,24,2021-11-04,20
JDQ4MTYyMiM1MSMkMiMkMCMkMDAkNDgxMTkxIzExIyQxIyQ3IyQxMyQyNjEwMDIjODEjJDEjJDYjJDgz,14,2021-11-24,20
JDQ4MTYyMiM1MSMkMiMkMCMkMDAkNDgxMTkxIzExIyQxIyQ3IyQxMyQzNjEyMjIjNDEjJDEjJDQjJDgz,18,2021-11-08,20
JDQ4MTYyMiM1MSMkMiMkMCMkMDAkNDgxMTkxIzExIyQxIyQzIyQwMyQ0NjEwMDIjNDEjJDEjJDgjJDgz,13,2021-11-24,20
JDQ4MTYyMiM1MSMkMiMkMCMkMDAkNDgxMTkxIzIxIyQxIyQ1IyQ3OSQ0NjEwMDIjNDEjJDEjJDgjJDgz,21,2021-11-24,20
JDQ4MTYyMiM1MSMkMiMkMCMkMDAkNDgxMTkxIzIxIyQxIyQ1IyQ3OSQzNjEwMDIjODEjJDEjJDYjJDgz,7,2021-11-30,20
JDQ4MTYyMiM1MSMkMiMkMCMkMDAkNDgxMTkxIzIxIyQxIyQ1IyQ5MiQyNjE0ODEjODEjJDEjJDYjJDgz,14,2021-11-22,20
JDQ4MTYyMiM1MSMkMiMkMCMkMDAkNDgxMTkxIzIxIyQxIyQ1IyQ5MiQzNjE4MzIjNjEjJDEjJDgjJDgz,13,2021-11-18,20
JDQ4MTYyMiM1MSMkMiMkMCMkMDAkNDgxMTkxIzIxIyQxIyQ1IyQ5OSQyNjEwMDIjNDEjJDEjJDgjJDgz,11,2021-11-18,20
JDQ4MTYyMiM1MSMkMiMkMCMkMDAkNDgxMTkxIzIxIyQxIyQ1IyQwMyQ0NjEwMDIjNDEjJDEjJDQjJDgz,14,2021-11-08,20
JDQ4MTYyMiM1MSMkMiMkMCMkMDAkNDgxMTkxIzIxIyQxIyQ5IyQ4OSQ0NjEwMDIjNjEjJDEjJDQjJDgz,22,2021-11-02,20
JDQ4MTYyMiM1MSMkMiMkMCMkMDAkNDgxMTkxIzIxIyQxIyQ5IyQ5MiQzNjEwMDIjNjEjJDEjJDgjJDgz,6,2021-11-02,20
JDQ4MTYyMiM1MSMkMiMkMCMkMDAkNDgxMTkxIzIxIyQxIyQ5IyQ5OSQzNjEwMDIjNDEjJDEjJDQjJDgz,25,2021-11-27,20
JDQ4MTYyMiM1MSMkMiMkMCMkMDAkNDgxMTkxIzIxIyQxIyQ5IyQwMyQzNjEwMDIjNTEjJDEjJDYjJDgz,8,2021-11-02,20
JDQ4MTYyMiM1MSMkMiMkMCMkMDAkNDgxMTkxIzIxIyQxIyQxIyQ4OSQzNjE0ODEjNDEjJDEjJDgjJDgz,16,2021-11-12,20
JDQ4MTYyMiM1MSMkMiMkMCMkMDAkNDgxMTkxIzIxIyQyIyQ5IyQwMCQyNjE4MzIjNDEjJDEjJDgjJDgz,3,2021-11-24,20
JDQ4MTYyMiM1MSMkMiMkMCMkMDAkNDgxMTkxIzIxIyQyIyQ5IyQwMCQzNjEwMDIjNzEjJDEjJDgjJDgz,18,2021-11-12,20
JDQ4MTYyMiM1MSMkMiMkMCMkMDAkNDgxMTkxIzMxIyQxIyQzIyQ4MiQ0NjEwMDIjODEjJDEjJDIjJDgz,22,2021-11-12,20
JDQ4MTYyMiM1MSMkMiMkMCMkMDAkNDgxMTkxIzMxIyQxIyQzIyQ4OSQ0NjE0ODEjNTEjJDEjJDYjJDgz,21,2021-11-02,20
JDQ4MTYyMiM1MSMkMiMkMCMkMDAkNDgxMTkxIzQxIyQxIyQ3IyQ2MiQyNjE4MzIjNzEjJDEjJDgjJDgz,21,2021-11-12,20
JDQ4MTYyMiM1MSMkMiMkMCMkMDAkNDgxMTkxIzUxIyQxIyQ1IyQ3MiQyNjEwMDIjNDEjJDEjJDgjJDgz,4,2021-11-15,20
JDQ4MTYyMiM1MSMkMiMkMCMkMDAkNDgxMTkxIzUxIyQxIyQ1IyQ4OSQzNjEwMDIjNjEjJDEjJDAjJDgz,22,2021-11-24,20
JDQ4MTYyMiM1MSMkMiMkMCMkMDAkNDgxMTkxIzUxIyQyIyQ1IyQwMCQyNjE0ODEjODEjJDEjJDIjJDgz,23,2021-11-18,20
JDQ4MTYyMiM1MSMkMiMkMCMkMDAkNDgxMzUxIzExIyQxIyQ3IyQ2MiQyNjE0ODEjNTEjJDEjJDYjJDgz,8,2021-11-08,20
JDQ4MTYyMiM1MSMkMiMkMCMkMDAkNDgxMzUxIzExIyQxIyQ3IyQ4MiQzNjE4MzIjNjEjJDEjJDQjJDgz,5,2021-11-21,20
JDQ4MTYyMiM1MSMkMiMkMCMkMDAkNDgxMzUxIzExIyQxIyQzIyQ5MiQyNjEwMDIjNzEjJDEjJDgjJDgz,18,2021-11-18,20
JDQ4MTYyMiM1MSMkMiMkMCMkMDAkNDgxMzUxIzIxIyQxIyQ1IyQ2MiQyNjE0ODEjNjEjJDEjJDgjJDgz,26,2021-11-01,20
JDQ4MTYyMiM1MSMkMiMkMCMkMDAkNDgxMzUxIzIxIyQxIyQ1IyQ4OSQ0NjE0ODEjNDEjJDEjJDQjJDgz,17,2021-11-24,20
JDQ4MTYyMiM1MSMkMiMkMCMkMDAkNDgxMzUxIzIxIyQxIyQ1IyQ5MiQyNjEwMDIjNjEjJDEjJDgjJDgz,4,2021-11-04,20
JDQ4MTYyMiM1MSMkMiMkMCMkMDAkNDgxMzUxIzIxIyQxIyQ1IyQwMyQyNjEyMjIjNDEjJDEjJDgjJDgz,18,2021-11-27,20
JDQ4MTYyMiM1MSMkMiMkMCMkMDAkNDgxMzUxIzIxIyQxIyQ5IyQ2MiQzNjEwMDIjNTEjJDEjJDYjJDgz,24,2021-11-08,20
JDQ4MTYyMiM1MSMkMiMkMCMkMDAkNDgxMzUxIzIxIyQxIyQ5IyQ4MiQzNjEwMDIjODEjJDEjJDIjJDgz,23,2021-11-24,20
JDQ4MTYyMiM1MSMkMiMkMCMkMDAkNDgxMzUxIzIxIyQxIyQ5IyQwMyQ0NjEwMDIjNjEjJDEjJDQjJDgz,3,2021-11-15,20
JDQ4MTYyMiM1MSMkMiMkMCMkMDAkNDgxMzUxIzIxIyQxIyQ5IyQxMyQ0NjEwMDIjNTEjJDEjJDIjJDgz,14,2021-11-30,20
JDQ4MTYyMiM1MSMkMiMkMCMkMDAkNDgxMzUxIzIxIyQyIyQxIyQwMCQzNjEwMDIjNTEjJDEjJDYjJDgz,28,2021-11-27,20
JDQ4MTYyMiM1MSMkMiMkMCMkMDAkNDgxMzUxIzMxIyQxIyQ3IyQ2MiQ0NjE0ODEjNDEjJDEjJDgjJDgz,19,2021-11-08,20
JDQ4MTYyMiM1MSMkMiMkMCMkMDAkNDgxMzUxIzMxIyQxIyQ3IyQ3MiQ0NjE0ODEjODEjJDEjJDIjJDgz,8,2021-11-15,20
JDQ4MTYyMiM1MSMkMiMkMCMkMDAkNDgxMzUxIzMxIyQxIyQ3IyQ3MiQyNjE4MzIjNzEjJDEjJDgjJDgz,23,2021-11-24,20
JDQ4MTYyMiM1MSMkMiMkMCMkMDAkNDgxMzUxIzMxIyQxIyQ3IyQ4OSQzNjE0ODEjNjEjJDEjJDgjJDgz,28,2021-11-01,20
JDQ4MTYyMiM1MSMkMiMkMCMkMDAkNDgxMzUxIzMxIyQxIyQ3IyQwMyQzNjE4MzIjNDEjJDEjJDgjJDgz,20,2021-11-08,20
JDQ4MTYyMiM1MSMkMiMkMCMkMDAkNDgxMzUxIzMxIyQxIyQzIyQ3MiQyNjEwMDIjNjEjJDEjJDAjJDgz,12,2021-11-08,20
JDQ4MTYyMiM1MSMkMiMkMCMkMDAkNDgxMzUxIzMxIyQxIyQzIyQ3OSQyNjE0ODEjNDEjJDEjJDQjJDgz,20,2021-11-21,20
JDQ4MTYyMiM1MSMkMiMkMCMkMDAkNDgxMzUxIzMxIyQxIyQzIyQ3OSQyNjEwMDIjODEjJDEjJDIjJDgz,10,2021-11-04,20
JDQ4MTYyMiM1MSMkMiMkMCMkMDAkNDgxMzUxIzMxIyQyIyQ3IyQwMCQyNjE4MzIjNTEjJDEjJDIjJDgz,24,2021-11-02,20
JDQ4MTYyMiM1MSMkMiMkMCMkMDAkNDgxMzUxIzMxIyQyIyQ3IyQwMCQzNjEyMjIjNzEjJDEjJDgjJDgz,23,2021-11-18,20
JDQ4MTYyMiM1MSMkMiMkMCMkMDAkNDgxMzUxIzQxIyQxIyQ3IyQ3OSQyNjE4MzIjNzEjJDEjJDgjJDgz,24,2021-11-08,20
JDQ4MTYyMiM1MSMkMiMkMCMkMDAkNDgxMzUxIzQxIyQxIyQ3IyQxMyQyNjE4MzIjNTEjJDEjJDIjJDgz,27,2021-11-08,20
JDQ4MTYyMiM1MSMkMiMkMCMkMDAkNDgxMzUxIzUxIyQxIyQ1IyQ4MiQzNjEwMDIjNDEjJDEjJDQjJDgz,25,2021-11-27,20
JDQ4MTYyMiM1MSMkMiMkMCMkMDAkNDgxMzUxIzUxIyQxIyQ1IyQ4OSQzNjE4MzIjNDEjJDEjJDQjJDgz,24,2021-11-24,20
JDQ4MTYyMiM1MSMkMiMkMCMkMDAkNDgxMzUxIzUxIyQxIyQ1IyQ5OSQyNjEyMjIjNjEjJDEjJDgjJDgz,24,2021-11-08,20
JDQ4MTYyMiM1MSMkMiMkMCMkMDAkNDgxMzUxIzUxIyQxIyQxIyQ2MiQzNjE4MzIjNjEjJDEjJDQjJDgz,9,2021-11-24,20
JDQ4MTYyMiM1MSMkMiMkMCMkMDAkNDgxMzUxIzUxIyQxIyQxIyQ3OSQyNjEyMjIjNjEjJDEjJDQjJDgz,8,2021-11-01,20
JDQ4MTYyMiM1MSMkMiMkMCMkMDAkNDgxMzUxIzUxIyQxIyQxIyQ4MiQyNjEyMjIjODEjJDEjJDYjJDgz,29,2021-11-24,20
JDQ4MTYyMiM1MSMkMiMkMCMkMDAkNDgxMzUxIzUxIyQyIyQxIyQwMCQyNjEwMDIjODEjJDEjJDYjJDgz,3,2021-11-02,20
JDQ4MTYyMiM1MSMkMiMkMCMkMDAkNDgxNzAyIzExIyQxIyQ3IyQ3MiQzNjE4MzIjNjEjJDEjJDAjJDgz,21,2021-11-12,20
JDQ4MTYyMiM1MSMkMiMkMCMkMDAkNDgxNzAyIzExIyQxIyQ3IyQ4OSQ0NjE0ODEjNTEjJDEjJDYjJDgz,2,2021-11-15,20
JDQ4MTYyMiM1MSMkMiMkMCMkMDAkNDgxNzAyIzExIyQxIyQ3IyQxMyQyNjE4MzIjNDEjJDEjJDgjJDgz,2,2021-11-08,20
JDQ4MTYyMiM1MSMkMiMkMCMkMDAkNDgxNzAyIzExIyQxIyQzIyQ3OSQzNjEyMjIjNTEjJDEjJDYjJDgz,12,2021-11-22,20
JDQ4MTYyMiM1MSMkMiMkMCMkMDAkNDgxNzAyIzIxIyQxIyQ1IyQ4OSQ0NjE0ODEjNjEjJDEjJDgjJDgz,5,2021-11-01,20
JDQ4MTYyMiM1MSMkMiMkMCMkMDAkNDgxNzAyIzIxIyQxIyQ1IyQxMyQyNjEyMjIjNjEjJDEjJDQjJDgz,15,2021-11-12,20
JDQ4MTYyMiM1MSMkMiMkMCMkMDAkNDgxNzAyIzIxIyQxIyQ5IyQ5MiQyNjE4MzIjNjEjJDEjJDQjJDgz,5,2021-11-24,20
JDQ4MTYyMiM1MSMkMiMkMCMkMDAkNDgxNzAyIzIxIyQxIyQxIyQ3MiQzNjEwMDIjNjEjJDEjJDAjJDgz,16,2021-11-04,20
JDQ4MTYyMiM1MSMkMiMkMCMkMDAkNDgxNzAyIzIxIyQxIyQxIyQ5MiQ0NjEwMDIjNDEjJDEjJDgjJDgz,19,2021-11-04,20
JDQ4MTYyMiM1MSMkMiMkMCMkMDAkNDgxNzAyIzIxIyQxIyQxIyQxMyQzNjE0ODEjNjEjJDEjJDQjJDgz,6,2021-11-21,20
JDQ4MTYyMiM1MSMkMiMkMCMkMDAkNDgxNzAyIzMxIyQxIyQ3IyQ2MiQzNjEwMDIjNTEjJDEjJDIjJDgz,15,2021-11-02,20
JDQ4MTYyMiM1MSMkMiMkMCMkMDAkNDgxNzAyIzMxIyQxIyQ3IyQ3OSQ0NjE0ODEjODEjJDEjJDIjJDgz,18,2021-11-04,20
JDQ4MTYyMiM1MSMkMiMkMCMkMDAkNDgxNzAyIzMxIyQxIyQ3IyQ5OSQyNjEwMDIjNjEjJDEjJDQjJDgz,16,2021-11-22,20
JDQ4MTYyMiM1MSMkMiMkMCMkMDAkNDgxNzAyIzMxIyQxIyQzIyQ3MiQzNjE4MzIjNDEjJDEjJDQjJDgz,4,2021-11-24,20
JDQ4MTYyMiM1MSMkMiMkMCMkMDAkNDgxNzAyIzMxIyQxIyQzIyQwMyQ0NjEwMDIjODEjJDEjJDIjJDgz,27,2021-11-08,20
JDQ4MTYyMiM1MSMkMiMkMCMkMDAkNDgxNzAyIzQxIyQxIyQ3IyQ4MiQzNjEwMDIjNTEjJDEjJDYjJDgz,24,2021-11-24,20
JDQ4MTYyMiM1MSMkMiMkMCMkMDAkNDgxNzAyIzQxIyQxIyQ3IyQ4OSQ0NjE0ODEjNDEjJDEjJDgjJDgz,2,2021-11-08,20
JDQ4MTYyMiM1MSMkMiMkMCMkMDAkNDgxNzAyIzQxIyQyIyQ3IyQwMCQ0NjEwMDIjNjEjJDEjJDAjJDgz,12,2021-11-21,20
JDQ4MTYyMiM1MSMkMiMkMCMkMDAkNDgxNzAyIzUxIyQxIyQ1IyQ3OSQ0NjEwMDIjNjEjJDEjJDQjJDgz,19,2021-11-12,20
JDQ4MTYyMiM1MSMkMiMkMCMkMDAkNDgxNzAyIzUxIyQxIyQxIyQ5MiQzNjE4MzIjNTEjJDEjJDYjJDgz,4,2021-11-02,20
JDQ4MTYyMiM1MSMkMiMkMCMkMDAkNDgxNzAyIzUxIyQxIyQxIyQ5MiQzNjEyMjIjNjEjJDEjJDQjJDgz,8,2021-11-24,20
JDQ4MTYyMiM1MSMkMiMkMCMkMDAkNDgxNzAyIzUxIyQxIyQxIyQ5OSQyNjE4MzIjNjEjJDEjJDAjJDgz,29,2021-11-15,20
JDQ4MTYyMiM1MSMkMiMkMCMkMDAkNDgxNzAyIzUxIyQxIyQxIyQ5OSQzNjE0ODEjNTEjJDEjJDIjJDgz,7,2021-11-30,20
JDQ4MTYyMiM1MSMkMiMkMCMkMDAkNDgxOTYxIzExIyQxIyQ3IyQ2MiQyNjEwMDIjNzEjJDEjJDgjJDgz,26,2021-11-08,20
JDQ4MTYyMiM1MSMkMiMkMCMkMDAkNDgxOTYxIzExIyQxIyQ3IyQ5OSQyNjEwMDIjNTEjJDEjJDIjJDgz,10,2021-11-08,20
JDQ4MTYyMiM1MSMkMiMkMCMkMDAkNDgxOTYxIzExIyQxIyQzIyQ5MiQzNjE4MzIjNDEjJDEjJDgjJDgz,18,2021-11-30,20
JDQ4MTYyMiM1MSMkMiMkMCMkMDAkNDgxOTYxIzExIyQxIyQzIyQxMyQzNjEwMDIjNDEjJDEjJDQjJDgz,6,2021-11-27,20
JDQ4MTYyMiM1MSMkMiMkMCMkMDAkNDgxOTYxIzExIyQyIyQ3IyQwMCQyNjE0ODEjNDEjJDEjJDgjJDgz,10,2021-11-08,20
JDQ4MTYyMiM1MSMkMiMkMCMkMDAkNDgxOTYxIzExIyQyIyQ3IyQwMCQzNjE0ODEjNjEjJDEjJDAjJDgz,19,2021-11-18,20
JDQ4MTYyMiM1MSMkMiMkMCMkMDAkNDgxOTYxIzIxIyQxIyQ1IyQ4OSQzNjE0ODEjNTEjJDEjJDIjJDgz,12,2021-11-21,20
JDQ4MTYyMiM1MSMkMiMkMCMkMDAkNDgxOTYxIzIxIyQxIyQ1IyQxMyQ0NjEwMDIjNDEjJDEjJDgjJDgz,16,2021-11-04,20
JDQ4MTYyMiM1MSMkMiMkMCMkMDAkNDgxOTYxIzIxIyQxIyQxIyQ5MiQyNjEyMjIjNTEjJDEjJDYjJDgz,2,2021-11-30,20
JDQ4MTYyMiM1MSMkMiMkMCMkMDAkNDgxOTYxIzIxIyQyIyQxIyQwMCQyNjE4MzIjNTEjJDEjJDIjJDgz,30,2021-11-04,20
JDQ4MTYyMiM1MSMkMiMkMCMkMDAkNDgxOTYxIzMxIyQyIyQzIyQwMCQzNjEwMDIjODEjJDEjJDIjJDgz,5,2021-11-15,20
JDQ4MTYyMiM1MSMkMiMkMCMkMDAkNDgxOTYxIzQxIyQxIyQ3IyQ3OSQyNjEyMjIjNjEjJDEjJDAjJDgz,6,2021-11-01,20
JDQ4MTYyMiM1MSMkMiMkMCMkMDAkNDgxOTYxIzUxIyQxIyQ1IyQ2MiQzNjEwMDIjNDEjJDEjJDgjJDgz,4,2021-11-15,20
JDQ4MTYyMiM1MSMkMiMkMCMkMDAkNDgxOTYxIzUxIyQxIyQ1IyQwMyQyNjEyMjIjNjEjJDEjJDQjJDgz,15,2021-11-24,20
JDQ4MTYyMiM1MSMkMiMkMCMkMDAkNTgxMzUxIzExIyQxIyQ3IyQ3MiQzNjEwMDIjNTEjJDEjJDYjJDgz,13,2021-11-30,20
JDQ4MTYyMiM1MSMkMiMkMCMkMDAkNTgxMzUxIzExIyQxIyQ3IyQ4MiQzNjEwMDIjNDEjJDEjJDgjJDgz,1,2021-11-24,20
JDQ4MTYyMiM1MSMkMiMkMCMkMDAkNTgxMzUxIzExIyQxIyQ3IyQ5OSQyNjEyMjIjNzEjJDEjJDgjJDgz,19,2021-11-27,20
JDQ4MTYyMiM1MSMkMiMkMCMkMDAkNTgxMzUxIzExIyQxIyQ3IyQwMyQyNjE4MzIjODEjJDEjJDYjJDgz,5,2021-11-15,20
JDQ4MTYyMiM1MSMkMiMkMCMkMDAkNTgxMzUxIzExIyQxIyQzIyQ2MiQyNjE0ODEjODEjJDEjJDYjJDgz,6,2021-11-08,20
JDQ4MTYyMiM1MSMkMiMkMCMkMDAkNTgxMzUxIzIxIyQxIyQxIyQ3OSQyNjEyMjIjODEjJDEjJDYjJDgz,1,2021-11-24,20
JDQ4MTYyMiM1MSMkMiMkMCMkMDAkNTgxMzUxIzIxIyQyIyQxIyQwMCQyNjEwMDIjNTEjJDEjJDIjJDgz,1,2021-11-01,20
JDQ4MTYyMiM1MSMkMiMkMCMkMDAkNTgxMzUxIzMxIyQxIyQ3IyQ4MiQzNjEwMDIjNTEjJDEjJDIjJDgz,7,2021-11-24,20
JDQ4MTYyMiM1MSMkMiMkMCMkMDAkNTgxMzUxIzQxIyQxIyQ3IyQ5OSQyNjE0ODEjODEjJDEjJDYjJDgz,20,2021-11-22,20
JDQ4MTYyMiM1MSMkMiMkMCMkMDAkNTgxMzUxIzQxIyQxIyQ3IyQ5OSQyNjEyMjIjNjEjJDEjJDQjJDgz,15,2021-11-21,20
JDQ4MTYyMiM1MSMkMiMkMCMkMDAkNTgxMzUxIzUxIyQxIyQ1IyQ2MiQzNjE0ODEjODEjJDEjJDYjJDgz,5,2021-11-18,20
JDQ4MTYyMiM1MSMkMiMkMCMkMDAkNTgxMzUxIzUxIyQxIyQ1IyQ3MiQzNjEwMDIjNjEjJDEjJDAjJDgz,20,2021-11-12,20
JDQ4MTYyMiM1MSMkMiMkMCMkMDAkNTgxMzUxIzUxIyQxIyQ1IyQ4MiQ0NjEwMDIjNjEjJDEjJDAjJDgz,12,2021-11-08,20
JDQ4MTYyMiM1MSMkMiMkMCMkMDAkNTgxMzUxIzUxIyQxIyQxIyQ2MiQyNjE0ODEjNDEjJDEjJDQjJDgz,17,2021-11-01,20
JDQ4MTYyMiM1MSMkMiMkMCMkMDAkNTgxMzUxIzUxIyQxIyQxIyQ4OSQyNjE0ODEjODEjJDEjJDIjJDgz,8,2021-11-27,20
JDQ4MTYyMiM1MSMkMiMkMCMkMDAkNTgxMzUxIzUxIyQyIyQxIyQwMCQ0NjEwMDIjNjEjJDEjJDgjJDgz,16,2021-11-22,20
JDQ4MTYyMiM1MSMkMiMkMCMkMDAkNTgxOTYxIzExIyQxIyQ3IyQ5OSQyNjEyMjIjNTEjJDEjJDIjJDgz,11,2021-11-21,20
JDQ4MTYyMiM1MSMkMiMkMCMkMDAkNTgxOTYxIzExIyQxIyQ3IyQxMyQyNjEwMDIjNjEjJDEjJDQjJDgz,19,2021-11-04,20
JDQ4MTYyMiM1MSMkMiMkMCMkMDAkNTgxOTYxIzExIyQxIyQzIyQ2MiQyNjEwMDIjNTEjJDEjJDIjJDgz,27,2021-11-24,20
JDQ4MTYyMiM1MSMkMiMkMCMkMDAkNTgxOTYxIzExIyQxIyQzIyQ3MiQyNjEyMjIjODEjJDEjJDIjJDgz,20,2021-11-02,20
JDQ4MTYyMiM1MSMkMiMkMCMkMDAkNTgxOTYxIzExIyQxIyQzIyQ5OSQ0NjEwMDIjNTEjJDEjJDYjJDgz,16,2021-11-24,20
JDQ4MTYyMiM1MSMkMiMkMCMkMDAkNTgxOTYxIzIxIyQxIyQ1IyQ2MiQyNjEwMDIjNDEjJDEjJDgjJDgz,18,2021-11-24,20
JDQ4MTYyMiM1MSMkMiMkMCMkMDAkNTgxOTYxIzIxIyQxIyQ1IyQ4OSQ0NjE0ODEjNzEjJDEjJDgjJDgz,12,2021-11-24,20
JDQ4MTYyMiM1MSMkMiMkMCMkMDAkNTgxOTYxIzIxIyQxIyQ1IyQ4OSQyNjEwMDIjNDEjJDEjJDQjJDgz,11,2021-11-27,20
JDQ4MTYyMiM1MSMkMiMkMCMkMDAkNTgxOTYxIzIxIyQxIyQ5IyQ3MiQyNjE4MzIjNDEjJDEjJDgjJDgz,22,2021-11-24,20
JDQ4MTYyMiM1MSMkMiMkMCMkMDAkNTgxOTYxIzIxIyQxIyQ5IyQ5MiQ0NjE0ODEjNzEjJDEjJDgjJDgz,15,2021-11-08,20
JDQ4MTYyMiM1MSMkMiMkMCMkMDAkNTgxOTYxIzIxIyQxIyQ5IyQ5OSQ0NjEwMDIjODEjJDEjJDYjJDgz,1,2021-11-15,20
JDQ4MTYyMiM1MSMkMiMkMCMkMDAkNTgxOTYxIzIxIyQxIyQ5IyQ5OSQyNjE4MzIjNDEjJDEjJDQjJDgz,12,2021-11-15,20
JDQ4MTYyMiM1MSMkMiMkMCMkMDAkNTgxOTYxIzIxIyQxIyQ5IyQ5OSQzNjEwMDIjNjEjJDEjJDgjJDgz,11,2021-11-18,20
JDQ4MTYyMiM1MSMkMiMkMCMkMDAkNTgxOTYxIzIxIyQxIyQxIyQ3MiQ0NjE0ODEjNDEjJDEjJDQjJDgz,23,2021-11-15,20
JDQ4MTYyMiM1MSMkMiMkMCMkMDAkNTgxOTYxIzIxIyQxIyQxIyQ5OSQzNjE4MzIjNDEjJDEjJDQjJDgz,21,2021-11-18,20
JDQ4MTYyMiM1MSMkMiMkMCMkMDAkNTgxOTYxIzIxIyQxIyQxIyQxMyQzNjE0ODEjNjEjJDEjJDgjJDgz,9,2021-11-27,20
JDQ4MTYyMiM1MSMkMiMkMCMkMDAkNTgxOTYxIzMxIyQxIyQ3IyQwMyQyNjEyMjIjODEjJDEjJDIjJDgz,18,2021-11-22,20
JDQ4MTYyMiM1MSMkMiMkMCMkMDAkNTgxOTYxIzMxIyQxIyQ3IyQwMyQzNjEwMDIjNTEjJDEjJDIjJDgz,29,2021-11-30,20
JDQ4MTYyMiM1MSMkMiMkMCMkMDAkNTgxOTYxIzMxIyQxIyQzIyQ4OSQyNjEyMjIjNDEjJDEjJDgjJDgz,20,2021-11-02,20
JDQ4MTYyMiM1MSMkMiMkMCMkMDAkNTgxOTYxIzQxIyQxIyQ3IyQ5OSQyNjEyMjIjNDEjJDEjJDgjJDgz,28,2021-11-18,20
JDQ4MTYyMiM1MSMkMiMkMCMkMDAkNTgxOTYxIzUxIyQxIyQ1IyQ2MiQ0NjEwMDIjNjEjJDEjJDQjJDgz,19,2021-11-24,20
JDQ4MTYyMiM1MSMkMiMkMCMkMDAkNTgxOTYxIzUxIyQxIyQ1IyQwMyQyNjEyMjIjNzEjJDEjJDgjJDgz,7,2021-11-27,20
JDQ4MTYyMiM1MSMkMiMkMCMkMDAkNTgxOTYxIzUxIyQxIyQxIyQ5OSQ0NjE0ODEjNjEjJDEjJDgjJDgz,21,2021-11-24,20
JDQ4MTYyMiM1MSMkMSMkMCMkOTIkMzgxMzUxIzExIyQxIyQzIyQ3MiQyNjE4MzIjNjEjJDEjJDQjJDgz,3,2021-11-27,20
JDQ4MTYyMiM1MSMkMSMkMCMkOTIkMzgxMzUxIzExIyQxIyQzIyQ3MiQzNjE4MzIjODEjJDEjJDIjJDgz,2,2021-11-01,20
JDQ4MTYyMiM1MSMkMSMkMCMkOTkkMzgxMzUxIzIxIyQyIyQ5IyQwMCQyNjE4MzIjNTEjJDEjJDYjJDgz,3,2021-11-08,20
JDQ4MTYyMiM1MSMkMSMkMCMkOTkkMzgxMzUxIzMxIyQxIyQ3IyQ2MiQyNjEwMDIjNzEjJDEjJDgjJDgz,29,2021-11-21,20
JDQ4MTYyMiM1MSMkMSMkMCMkOTkkMzgxMzUxIzMxIyQxIyQ3IyQ5OSQ0NjE0ODEjNDEjJDEjJDQjJDgz,12,2021-11-24,20
JDQ4MTYyMiM1MSMkMSMkMCMkOTkkMzgxMzUxIzMxIyQxIyQzIyQxMyQyNjE0ODEjODEjJDEjJDYjJDgz,14,2021-11-18,20
JDQ4MTYyMiM1MSMkMSMkMCMkOTkkMzgxMzUxIzQxIyQxIyQ3IyQ2MiQ0NjE0ODEjNDEjJDEjJDgjJDgz,25,2021-11-01,20
JDQ4MTYyMiM1MSMkMSMkMCMkOTkkMzgxMzUxIzUxIyQxIyQ1IyQ3OSQzNjE0ODEjNDEjJDEjJDgjJDgz,12,2021-11-02,20
JDQ4MTYyMiM1MSMkMSMkMCMkOTkkMzgxMzUxIzUxIyQxIyQ1IyQ4OSQyNjEyMjIjNTEjJDEjJDIjJDgz,17,2021-11-15,20
JDQ4MTYyMiM1MSMkMSMkMCMkOTkkMzgxMzUxIzUxIyQxIyQ1IyQxMyQ0NjE0ODEjNDEjJDEjJDQjJDgz,11,2021-11-08,20
JDQ4MTYyMiM1MSMkMSMkMCMkOTkkMzgxMzUxIzUxIyQxIyQxIyQ3MiQyNjE4MzIjNTEjJDEjJDYjJDgz,29,2021-11-04,20
JDQ4MTYyMiM1MSMkMSMkMCMkOTkkMzgxOTYxIzExIyQxIyQzIyQ4MiQzNjE0ODEjNTEjJDEjJDYjJDgz,20,2021-11-30,20
JDQ4MTYyMiM1MSMkMSMkMCMkOTkkMzgxOTYxIzExIyQyIyQzIyQwMCQyNjEyMjIjNjEjJDEjJDQjJDgz,1,2021-11-12,20
JDU4MTI3MSM1MSMkMiMkMCMkMDAkMzgxMTkxIzExIyQxIyQ3IyQ3MiQzNjEyMjIjNDEjJDEjJDgjJDgz,12,2021-11-18,20
JDU4MTI3MSM1MSMkMiMkMCMkMDAkMzgxMTkxIzExIyQxIyQ3IyQ4MiQyNjEwMDIjODEjJDEjJDIjJDgz,22,2021-11-22,20
JDU4MTI3MSM1MSMkMiMkMCMkMDAkMzgxMTkxIzExIyQxIyQzIyQ5MiQzNjE0ODEjNTEjJDEjJDYjJDgz,8,2021-11-30,20
JDU4MTI3MSM1MSMkMiMkMCMkMDAkMzgxMTkxIzExIyQxIyQzIyQ5MiQzNjEwMDIjNDEjJDEjJDgjJDgz,1,2021-11-24,20
JDU4MTI3MSM1MSMkMiMkMCMkMDAkMzgxMTkxIzExIyQyIyQzIyQwMCQyNjE0ODEjNDEjJDEjJDgjJDgz,2,2021-11-22,20
JDU4MTI3MSM1MSMkMiMkMCMkMDAkMzgxMTkxIzIxIyQxIyQ5IyQ3MiQzNjEwMDIjNTEjJDEjJDIjJDgz,11,2021-11-15,20
JDU4MTI3MSM1MSMkMiMkMCMkMDAkMzgxMTkxIzIxIyQxIyQ5IyQ3OSQzNjEwMDIjNjEjJDEjJDgjJDgz,28,2021-11-30,20
JDU4MTI3MSM1MSMkMiMkMCMkMDAkMzgxMTkxIzIxIyQxIyQ5IyQ5MiQzNjE4MzIjNTEjJDEjJDYjJDgz,14,2021-11-27,20
JDU4MTI3MSM1MSMkMiMkMCMkMDAkMzgxMTkxIzIxIyQxIyQxIyQ3MiQyNjE0ODEjODEjJDEjJDYjJDgz,26,2021-11-04,20
JDU4MTI3MSM1MSMkMiMkMCMkMDAkMzgxMTkxIzIxIyQyIyQ1IyQwMCQ0NjEwMDIjNjEjJDEjJDAjJDgz,4,2021-11-24,20
JDU4MTI3MSM1MSMkMiMkMCMkMDAkMzgxMTkxIzMxIyQxIyQ3IyQ2MiQyNjE0ODEjNzEjJDEjJDgjJDgz,17,2021-11-21,20
JDU4MTI3MSM1MSMkMiMkMCMkMDAkMzgxMTkxIzMxIyQxIyQ3IyQ2MiQyNjEwMDIjNjEjJDEjJDQjJDgz,12,2021-11-02,20
JDU4MTI3MSM1MSMkMiMkMCMkMDAkMzgxMTkxIzMxIyQxIyQ3IyQwMyQyNjE4MzIjNDEjJDEjJDgjJDgz,24,2021-11-24,20
JDU4MTI3MSM1MSMkMiMkMCMkMDAkMzgxMTkxIzMxIyQxIyQzIyQ5OSQyNjEwMDIjNjEjJDEjJDAjJDgz,13,2021-11-21,20
JDU4MTI3MSM1MSMkMiMkMCMkMDAkMzgxMTkxIzQxIyQxIyQ3IyQ3MiQyNjEwMDIjODEjJDEjJDYjJDgz,8,2021-11-15,20
JDU4MTI3MSM1MSMkMiMkMCMkMDAkMzgxMTkxIzQxIyQxIyQ3IyQ3OSQyNjE0ODEjNjEjJDEjJDAjJDgz,18,2021-11-27,20
JDU4MTI3MSM1MSMkMiMkMCMkMDAkMzgxMTkxIzQxIyQxIyQ3IyQ4MiQyNjEwMDIjNjEjJDEjJDgjJDgz,18,2021-11-22,20
JDU4MTI3MSM1MSMkMiMkMCMkMDAkMzgxMTkxIzUxIyQxIyQ1IyQ4OSQyNjE4MzIjODEjJDEjJDYjJDgz,20,2021-11-12,20
JDU4MTI3MSM1MSMkMiMkMCMkMDAkMzgxMTkxIzUxIyQxIyQ1IyQwMyQ0NjEwMDIjODEjJDEjJDYjJDgz,30,2021-11-27,20
JDU4MTI3MSM1MSMkMiMkMCMkMDAkMzgxMTkxIzUxIyQxIyQxIyQ4MiQyNjE4MzIjODEjJDEjJDYjJDgz,22,2021-11-24,20
JDU4MTI3MSM1MSMkMiMkMCMkMDAkMzgxMzUxIzExIyQxIyQ3IyQ3MiQ0NjEwMDIjNjEjJDEjJDQjJDgz,6,2021-11-30,20
JDU4MTI3MSM1MSMkMiMkMCMkMDAkMzgxMzUxIzExIyQxIyQzIyQ2MiQ0NjEwMDIjNDEjJDEjJDgjJDgz,7,2021-11-04,20
JDU4MTI3MSM1MSMkMiMkMCMkMDAkMzgxMzUxIzExIyQxIyQzIyQ4OSQzNjE4MzIjNTEjJDEjJDYjJDgz,19,2021-11-08,20
JDU4MTI3MSM1MSMkMiMkMCMkMDAkMzgxMzUxIzExIyQxIyQzIyQ4OSQzNjEyMjIjNjEjJDEjJDQjJDgz,22,2021-11-15,20
JDU4MTI3MSM1MSMkMiMkMCMkMDAkMzgxMzUxIzExIyQxIyQzIyQxMyQzNjE0ODEjNzEjJDEjJDgjJDgz,20,2021-11-27,20
JDU4MTI3MSM1MSMkMiMkMCMkMDAkMzgxMzUxIzIxIyQxIyQ1IyQ3OSQ0NjE0ODEjNTEjJDEjJDYjJDgz,6,2021-11-08,20
JDU4MTI3MSM1MSMkMiMkMCMkMDAkMzgxMzUxIzIxIyQxIyQ1IyQ4MiQzNjEyMjIjNDEjJDEjJDgjJDgz,23,2021-11-18,20
JDU4MTI3MSM1MSMkMiMkMCMkMDAkMzgxMzUxIzIxIyQxIyQ1IyQwMyQ0NjE0ODEjNDEjJDEjJDgjJDgz,19,2021-11-15,20
JDU4MTI3MSM1MSMkMiMkMCMkMDAkMzgxMzUxIzIxIyQxIyQ1IyQwMyQzNjEwMDIjNzEjJDEjJDgjJDgz,29,2021-11-27,20
JDU4MTI3MSM1MSMkMiMkMCMkMDAkMzgxMzUxIzIxIyQxIyQ5IyQ2MiQzNjEyMjIjNTEjJDEjJDIjJDgz,10,2021-11-21,20
JDU4MTI3MSM1MSMkMiMkMCMkMDAkMzgxMzUxIzIxIyQxIyQxIyQ5MiQzNjEyMjIjNDEjJDEjJDgjJDgz,15,2021-11-01,20
JDU4MTI3MSM1MSMkMiMkMCMkMDAkMzgxMzUxIzIxIyQxIyQxIyQwMyQyNjEwMDIjODEjJDEjJDIjJDgz,15,2021-11-22,20
JDU4MTI3MSM1MSMkMiMkMCMkMDAkMzgxMzUxIzIxIyQxIyQxIyQwMyQzNjE0ODEjNTEjJDEjJDIjJDgz,21,2021-11-21,20
JDU4MTI3MSM1MSMkMiMkMCMkMDAkMzgxMzUxIzQxIyQxIyQ3IyQ5MiQyNjE0ODEjNjEjJDEjJDAjJDgz,15,2021-11-21,20
JDU4MTI3MSM1MSMkMiMkMCMkMDAkMzgxMzUxIzUxIyQxIyQ1IyQ3OSQ0NjE0ODEjNDEjJDEjJDgjJDgz,13,2021-11-30,20
JDU4MTI3MSM1MSMkMiMkMCMkMDAkMzgxMzUxIzUxIyQxIyQ1IyQ5MiQyNjEyMjIjNTEjJDEjJDYjJDgz,6,2021-11-04,20
JDU4MTI3MSM1MSMkMiMkMCMkMDAkMzgxMzUxIzUxIyQxIyQxIyQ4MiQzNjE0ODEjNjEjJDEjJDgjJDgz,10,2021-11-04,20
JDU4MTI3MSM1MSMkMiMkMCMkMDAkMzgxMzUxIzUxIyQxIyQxIyQ4MiQzNjEyMjIjNTEjJDEjJDIjJDgz,8,2021-11-21,20
JDU4MTI3MSM1MSMkMiMkMCMkMDAkMzgxMzUxIzUxIyQyIyQ1IyQwMCQyNjE4MzIjNTEjJDEjJDIjJDgz,29,2021-11-01,20
JDU4MTI3MSM1MSMkMiMkMCMkMDAkMzgxNzAyIzExIyQxIyQ3IyQ3OSQzNjE0ODEjNjEjJDEjJDAjJDgz,20,2021-11-01,20
JDU4MTI3MSM1MSMkMiMkMCMkMDAkMzgxNzAyIzExIyQxIyQzIyQ3OSQzNjE4MzIjNTEjJDEjJDIjJDgz,10,2021-11-30,20
JDU4MTI3MSM1MSMkMiMkMCMkMDAkMzgxNzAyIzIxIyQxIyQ1IyQ3MiQyNjEwMDIjODEjJDEjJDYjJDgz,19,2021-11-02,20
JDU4MTI3MSM1MSMkMiMkMCMkMDAkMzgxNzAyIzIxIyQxIyQ5IyQ2MiQzNjEyMjIjODEjJDEjJDYjJDgz,6,2021-11-08,20
JDU4MTI3MSM1MSMkMiMkMCMkMDAkMzgxNzAyIzIxIyQxIyQ5IyQ5OSQyNjEyMjIjNDEjJDEjJDgjJDgz,8,2021-11-01,20
JDU4MTI3MSM1MSMkMiMkMCMkMDAkMzgxNzAyIzIxIyQxIyQxIyQ2MiQzNjEwMDIjODEjJDEjJDIjJDgz,12,2021-11-08,20
JDU4MTI3MSM1MSMkMiMkMCMkMDAkMzgxNzAyIzIxIyQxIyQxIyQ3OSQ0NjE0ODEjNTEjJDEjJDYjJDgz,8,2021-11-08,20
JDU4MTI3MSM1MSMkMiMkMCMkMDAkMzgxNzAyIzIxIyQxIyQxIyQ3OSQzNjEwMDIjODEjJDEjJDYjJDgz,29,2021-11-08,20
JDU4MTI3MSM1MSMkMiMkMCMkMDAkMzgxNzAyIzIxIyQxIyQxIyQ4MiQyNjEwMDIjNDEjJDEjJDQjJDgz,12,2021-11-21,20
JDU4MTI3MSM1MSMkMiMkMCMkMDAkMzgxNzAyIzMxIyQxIyQ3IyQ3MiQ0NjE0ODEjNjEjJDEjJDQjJDgz,1,2021-11-24,20
JDU4MTI3MSM1MSMkMiMkMCMkMDAkMzgxNzAyIzMxIyQxIyQ3IyQ3OSQzNjE0ODEjNjEjJDEjJDgjJDgz,11,2021-11-01,20
JDU4MTI3MSM1MSMkMiMkMCMkMDAkMzgxNzAyIzMxIyQxIyQ3IyQ4OSQzNjEwMDIjNDEjJDEjJDgjJDgz,30,2021-11-08,20
JDU4MTI3MSM1MSMkMiMkMCMkMDAkMzgxNzAyIzMxIyQxIyQzIyQxMyQyNjEwMDIjNDEjJDEjJDgjJDgz,19,2021-11-08,20
JDU4MTI3MSM1MSMkMiMkMCMkMDAkMzgxNzAyIzQxIyQxIyQ3IyQ5MiQzNjE0ODEjNTEjJDEjJDYjJDgz,4,2021-11-08,20
JDU4MTI3MSM1MSMkMiMkMCMkMDAkMzgxNzAyIzUxIyQxIyQ1IyQ4OSQyNjE4MzIjNjEjJDEjJDAjJDgz,16,2021-11-08,20
JDU4MTI3MSM1MSMkMiMkMCMkMDAkMzgxNzAyIzUxIyQxIyQ1IyQwMyQzNjEwMDIjNDEjJDEjJDgjJDgz,26,2021-11-15,20
JDU4MTI3MSM1MSMkMiMkMCMkMDAkMzgxNzAyIzUxIyQxIyQxIyQ5OSQzNjEyMjIjNDEjJDEjJDQjJDgz,29,2021-11-27,20
JDU4MTI3MSM1MSMkMiMkMCMkMDAkMzgxOTYxIzExIyQxIyQ3IyQ3MiQ0NjE0ODEjNTEjJDEjJDIjJDgz,19,2021-11-01,20
JDU4MTI3MSM1MSMkMiMkMCMkMDAkMzgxOTYxIzExIyQxIyQ3IyQ3OSQ0NjE0ODEjNjEjJDEjJDgjJDgz,2,2021-11-24,20
JDU4MTI3MSM1MSMkMiMkMCMkMDAkMzgxOTYxIzExIyQxIyQ3IyQwMyQyNjEwMDIjNzEjJDEjJDgjJDgz,15,2021-11-21,20
JDU4MTI3MSM1MSMkMiMkMCMkMDAkMzgxOTYxIzExIyQxIyQ3IyQwMyQzNjE0ODEjNDEjJDEjJDgjJDgz,5,2021-11-18,20
JDU4MTI3MSM1MSMkMiMkMCMkMDAkMzgxOTYxIzExIyQxIyQ3IyQxMyQzNjE0ODEjODEjJDEjJDYjJDgz,26,2021-11-04,20
JDU4MTI3MSM1MSMkMiMkMCMkMDAkMzgxOTYxIzExIyQxIyQzIyQ2MiQyNjE0ODEjNTEjJDEjJDYjJDgz,15,2021-11-12,20
JDU4MTI3MSM1MSMkMiMkMCMkMDAkMzgxOTYxIzExIyQxIyQzIyQ2MiQyNjEwMDIjNDEjJDEjJDgjJDgz,28,2021-11-08,20
JDU4MTI3MSM1MSMkMiMkMCMkMDAkMzgxOTYxIzExIyQyIyQ3IyQwMCQyNjEwMDIjNDEjJDEjJDgjJDgz,5,2021-11-30,20
JDU4MTI3MSM1MSMkMiMkMCMkMDAkMzgxOTYxIzIxIyQxIyQ1IyQ2MiQzNjEwMDIjNTEjJDEjJDYjJDgz,28,2021-11-02,20
JDU4MTI3MSM1MSMkMiMkMCMkMDAkMzgxOTYxIzIxIyQxIyQ1IyQ3OSQzNjEwMDIjNjEjJDEjJDAjJDgz,16,2021-11-18,20
JDU4MTI3MSM1MSMkMiMkMCMkMDAkMzgxOTYxIzIxIyQxIyQ1IyQ4MiQzNjEwMDIjODEjJDEjJDIjJDgz,11,2021-11-15,20
JDU4MTI3MSM1MSMkMiMkMCMkMDAkMzgxOTYxIzIxIyQxIyQ1IyQ4OSQ0NjEwMDIjNjEjJDEjJDAjJDgz,11,2021-11-30,20
JDU4MTI3MSM1MSMkMiMkMCMkMDAkMzgxOTYxIzIxIyQxIyQ1IyQ5MiQyNjE4MzIjODEjJDEjJDYjJDgz,9,2021-11-18,20
JDU4MTI3MSM1MSMkMiMkMCMkMDAkMzgxOTYxIzIxIyQxIyQ5IyQ2MiQyNjE0ODEjODEjJDEjJDYjJDgz,15,2021-11-15,20
JDU4MTI3MSM1MSMkMiMkMCMkMDAkMzgxOTYxIzIxIyQxIyQ5IyQ3OSQyNjE4MzIjNjEjJDEjJDAjJDgz,5,2021-11-08,20
JDU4MTI3MSM1MSMkMiMkMCMkMDAkMzgxOTYxIzIxIyQxIyQ5IyQ4MiQzNjE4MzIjNDEjJDEjJDgjJDgz,13,2021-11-24,20
JDU4MTI3MSM1MSMkMiMkMCMkMDAkMzgxOTYxIzIxIyQxIyQ5IyQ5OSQ0NjE0ODEjNDEjJDEjJDQjJDgz,2,2021-11-08,20
JDU4MTI3MSM1MSMkMiMkMCMkMDAkMzgxOTYxIzIxIyQxIyQ5IyQ5OSQzNjE4MzIjNDEjJDEjJDgjJDgz,27,2021-11-24,20
JDU4MTI3MSM1MSMkMiMkMCMkMDAkMzgxOTYxIzIxIyQxIyQxIyQ3MiQ0NjE0ODEjODEjJDEjJDYjJDgz,9,2021-11-12,20
JDU4MTI3MSM1MSMkMiMkMCMkMDAkMzgxOTYxIzIxIyQxIyQxIyQ5OSQ0NjEwMDIjNjEjJDEjJDQjJDgz,15,2021-11-01,20
JDU4MTI3MSM1MSMkMiMkMCMkMDAkMzgxOTYxIzIxIyQxIyQxIyQ5OSQzNjEwMDIjNTEjJDEjJDIjJDgz,13,2021-11-15,20
JDU4MTI3MSM1MSMkMiMkMCMkMDAkMzgxOTYxIzIxIyQxIyQxIyQwMyQzNjEyMjIjNjEjJDEjJDAjJDgz,5,2021-11-15,20
JDU4MTI3MSM1MSMkMiMkMCMkMDAkMzgxOTYxIzMxIyQxIyQ3IyQ4MiQzNjE0ODEjODEjJDEjJDYjJDgz,18,2021-11-08,20
JDU4MTI3MSM1MSMkMiMkMCMkMDAkMzgxOTYxIzMxIyQxIyQ3IyQ5OSQyNjE0ODEjNzEjJDEjJDgjJDgz,8,2021-11-24,20
JDU4MTI3MSM1MSMkMiMkMCMkMDAkMzgxOTYxIzMxIyQxIyQzIyQ3OSQyNjEwMDIjNjEjJDEjJDAjJDgz,2,2021-11-04,20
JDU4MTI3MSM1MSMkMiMkMCMkMDAkMzgxOTYxIzMxIyQxIyQzIyQ5OSQzNjE4MzIjODEjJDEjJDIjJDgz,17,2021-11-15,20
JDU4MTI3MSM1MSMkMiMkMCMkMDAkMzgxOTYxIzMxIyQyIyQ3IyQwMCQzNjE4MzIjNDEjJDEjJDgjJDgz,19,2021-11-21,20
JDU4MTI3MSM1MSMkMiMkMCMkMDAkMzgxOTYxIzMxIyQyIyQzIyQwMCQyNjE4MzIjNTEjJDEjJDIjJDgz,10,2021-11-08,20
JDU4MTI3MSM1MSMkMiMkMCMkMDAkMzgxOTYxIzQxIyQxIyQ3IyQ4MiQzNjEwMDIjNTEjJDEjJDYjJDgz,18,2021-11-22,20
JDU4MTI3MSM1MSMkMiMkMCMkMDAkMzgxOTYxIzQxIyQyIyQ3IyQwMCQzNjE4MzIjODEjJDEjJDIjJDgz,8,2021-11-15,20
JDU4MTI3MSM1MSMkMiMkMCMkMDAkMzgxOTYxIzUxIyQxIyQ1IyQ4MiQ0NjE0ODEjNDEjJDEjJDgjJDgz,14,2021-11-24,20
JDU4MTI3MSM1MSMkMiMkMCMkMDAkMzgxOTYxIzUxIyQxIyQ1IyQxMyQ0NjEwMDIjNDEjJDEjJDgjJDgz,24,2021-11-15,20
JDU4MTI3MSM1MSMkMiMkMCMkMDAkMzgxOTYxIzUxIyQxIyQxIyQ2MiQzNjEwMDIjNjEjJDEjJDQjJDgz,22,2021-11-01,20
JDU4MTI3MSM1MSMkMiMkMCMkMDAkMzgxOTYxIzUxIyQxIyQxIyQ3OSQzNjEyMjIjNjEjJDEjJDAjJDgz,6,2021-11-15,20
JDU4MTI3MSM1MSMkMiMkMCMkMDAkMzgxOTYxIzUxIyQxIyQxIyQ4OSQ0NjE0ODEjODEjJDEjJDIjJDgz,25,2021-11-15,20
JDU4MTI3MSM1MSMkMiMkMCMkMDAkMzgxOTYxIzUxIyQxIyQxIyQwMyQzNjE4MzIjNDEjJDEjJDgjJDgz,15,2021-11-24,20
JDU4MTI3MSM1MSMkMiMkMCMkMDAkMzgxOTYxIzUxIyQxIyQxIyQxMyQzNjE4MzIjODEjJDEjJDIjJDgz,27,2021-11-15,20
JDU4MTI3MSM1MSMkMiMkMCMkMDAkMzgxOTYxIzUxIyQxIyQxIyQxMyQzNjEyMjIjNDEjJDEjJDQjJDgz,13,2021-11-18,20
JDU4MTI3MSM1MSMkMiMkMCMkMDAkNDgxMTkxIzExIyQxIyQ3IyQ3MiQyNjE0ODEjNjEjJDEjJDAjJDgz,22,2021-11-30,20
JDU4MTI3MSM1MSMkMiMkMCMkMDAkNDgxMTkxIzExIyQxIyQzIyQ2MiQzNjE0ODEjNTEjJDEjJDYjJDgz,14,2021-11-12,20
JDU4MTI3MSM1MSMkMiMkMCMkMDAkNDgxMTkxIzExIyQyIyQzIyQwMCQyNjEyMjIjNDEjJDEjJDQjJDgz,11,2021-11-24,20
JDU4MTI3MSM1MSMkMiMkMCMkMDAkNDgxMTkxIzExIyQyIyQzIyQwMCQzNjE4MzIjNDEjJDEjJDgjJDgz,22,2021-11-24,20
JDU4MTI3MSM1MSMkMiMkMCMkMDAkNDgxMTkxIzIxIyQxIyQ1IyQ3MiQyNjEyMjIjNTEjJDEjJDYjJDgz,19,2021-11-02,20
JDU4MTI3MSM1MSMkMiMkMCMkMDAkNDgxMTkxIzIxIyQxIyQ1IyQ4OSQ0NjE0ODEjNTEjJDEjJDYjJDgz,10,2021-11-08,20
JDU4MTI3MSM1MSMkMiMkMCMkMDAkNDgxMTkxIzIxIyQxIyQ5IyQ5OSQzNjEyMjIjNDEjJDEjJDgjJDgz,12,2021-11-02,20
JDU4MTI3MSM1MSMkMiMkMCMkMDAkNDgxMTkxIzIxIyQxIyQxIyQwMyQyNjE0ODEjNTEjJDEjJDIjJDgz,16,2021-11-01,20
JDU4MTI3MSM1MSMkMiMkMCMkMDAkNDgxMTkxIzMxIyQxIyQ3IyQ4OSQ0NjEwMDIjNDEjJDEjJDgjJDgz,21,2021-11-02,20
JDU4MTI3MSM1MSMkMiMkMCMkMDAkNDgxMTkxIzMxIyQxIyQ3IyQxMyQyNjEyMjIjNDEjJDEjJDgjJDgz,28,2021-11-15,20
JDU4MTI3MSM1MSMkMiMkMCMkMDAkNDgxMTkxIzMxIyQxIyQ3IyQxMyQzNjE4MzIjNTEjJDEjJDIjJDgz,28,2021-11-15,20
JDU4MTI3MSM1MSMkMiMkMCMkMDAkNDgxMTkxIzMxIyQxIyQ3IyQxMyQzNjEyMjIjNjEjJDEjJDAjJDgz,5,2021-11-27,20
JDU4MTI3MSM1MSMkMiMkMCMkMDAkNDgxMTkxIzMxIyQxIyQzIyQ4OSQzNjE0ODEjNTEjJDEjJDYjJDgz,18,2021-11-02,20
JDU4MTI3MSM1MSMkMiMkMCMkMDAkNDgxMTkxIzMxIyQyIyQzIyQwMCQyNjE0ODEjNjEjJDEjJDQjJDgz,16,2021-11-22,20
JDU4MTI3MSM1MSMkMiMkMCMkMDAkNDgxMTkxIzQxIyQxIyQ3IyQ5MiQ0NjE0ODEjNTEjJDEjJDIjJDgz,27,2021-11-01,20
JDU4MTI3MSM1MSMkMiMkMCMkMDAkNDgxMTkxIzUxIyQxIyQ1IyQ4MiQyNjE0ODEjNTEjJDEjJDIjJDgz,3,2021-11-21,20
JDU4MTI3MSM1MSMkMiMkMCMkMDAkNDgxMTkxIzUxIyQxIyQ1IyQ5OSQzNjEwMDIjNjEjJDEjJDAjJDgz,26,2021-11-01,20
JDU4MTI3MSM1MSMkMiMkMCMkMDAkNDgxMTkxIzUxIyQxIyQ1IyQxMyQzNjE0ODEjNzEjJDEjJDgjJDgz,10,2021-11-15,20
JDU4MTI3MSM1MSMkMiMkMCMkMDAkNDgxMTkxIzUxIyQxIyQxIyQ3MiQyNjE4MzIjNTEjJDEjJDYjJDgz,26,2021-11-24,20
JDU4MTI3MSM1MSMkMiMkMCMkMDAkNDgxMTkxIzUxIyQxIyQxIyQ3MiQyNjEyMjIjNjEjJDEjJDQjJDgz,18,2021-11-12,20
JDU4MTI3MSM1MSMkMiMkMCMkMDAkNDgxMTkxIzUxIyQxIyQxIyQ3OSQzNjEwMDIjNTEjJDEjJDYjJDgz,4,2021-11-15,20
JDU4MTI3MSM1MSMkMiMkMCMkMDAkNDgxMTkxIzUxIyQxIyQxIyQ5MiQyNjE4MzIjODEjJDEjJDIjJDgz,16,2021-11-12,20
JDU4MTI3MSM1MSMkMiMkMCMkMDAkNDgxMTkxIzUxIyQxIyQxIyQwMyQ0NjEwMDIjNjEjJDEjJDAjJDgz,2,2021-11-08,20
JDU4MTI3MSM1MSMkMiMkMCMkMDAkNDgxMTkxIzUxIyQyIyQ1IyQwMCQ0NjE0ODEjNjEjJDEjJDgjJDgz,18,2021-11-21,20
JDU4MTI3MSM1MSMkMiMkMCMkMDAkNDgxMzUxIzExIyQxIyQzIyQ2MiQ0NjE0ODEjNjEjJDEjJDQjJDgz,30,2021-11-15,20
JDU4MTI3MSM1MSMkMiMkMCMkMDAkNDgxMzUxIzExIyQxIyQzIyQ5MiQzNjEyMjIjNDEjJDEjJDgjJDgz,2,2021-11-21,20
JDU4MTI3MSM1MSMkMiMkMCMkMDAkNDgxMzUxIzIxIyQxIyQ1IyQ3OSQ0NjEwMDIjNTEjJDEjJDYjJDgz,27,2021-11-21,20
JDU4MTI3MSM1MSMkMiMkMCMkMDAkNDgxMzUxIzIxIyQxIyQ5IyQ2MiQzNjE0ODEjODEjJDEjJDIjJDgz,5,2021-11-12,20
JDU4MTI3MSM1MSMkMiMkMCMkMDAkNDgxMzUxIzIxIyQxIyQ5IyQ3MiQzNjEwMDIjNTEjJDEjJDYjJDgz,22,2021-11-24,20
JDU4MTI3MSM1MSMkMiMkMCMkMDAkNDgxMzUxIzIxIyQxIyQxIyQ3MiQzNjEyMjIjODEjJDEjJDYjJDgz,3,2021-11-08,20
JDU4MTI3MSM1MSMkMiMkMCMkMDAkNDgxMzUxIzIxIyQxIyQxIyQ3OSQyNjEyMjIjNDEjJDEjJDQjJDgz,1,2021-11-30,20
JDU4MTI3MSM1MSMkMiMkMCMkMDAkNDgxMzUxIzIxIyQxIyQxIyQ5OSQzNjE0ODEjNDEjJDEjJDgjJDgz,6,2021-11-18,20
JDU4MTI3MSM1MSMkMiMkMCMkMDAkNDgxMzUxIzIxIyQxIyQxIyQwMyQzNjEwMDIjNTEjJDEjJDIjJDgz,12,2021-11-04,20
JDU4MTI3MSM1MSMkMiMkMCMkMDAkNDgxMzUxIzIxIyQxIyQxIyQxMyQyNjE0ODEjODEjJDEjJDYjJDgz,1,2021-11-22,20
JDU4MTI3MSM1MSMkMiMkMCMkMDAkNDgxMzUxIzMxIyQxIyQ3IyQxMyQyNjE0ODEjNjEjJDEjJDAjJDgz,9,2021-11-18,20
JDU4MTI3MSM1MSMkMiMkMCMkMDAkNDgxMzUxIzMxIyQxIyQzIyQ5OSQyNjE4MzIjNDEjJDEjJDgjJDgz,18,2021-11-15,20
JDU4MTI3MSM1MSMkMiMkMCMkMDAkNDgxMzUxIzMxIyQxIyQzIyQ5OSQyNjEyMjIjNTEjJDEjJDYjJDgz,24,2021-11-08,20
JDU4MTI3MSM1MSMkMiMkMCMkMDAkNDgxMzUxIzQxIyQxIyQ3IyQ3MiQyNjE0ODEjNDEjJDEjJDgjJDgz,16,2021-11-27,20
JDU4MTI3MSM1MSMkMiMkMCMkMDAkNDgxMzUxIzQxIyQxIyQ3IyQ3MiQzNjEyMjIjNDEjJDEjJDgjJDgz,7,2021-11-30,20
JDU4MTI3MSM1MSMkMiMkMCMkMDAkNDgxMzUxIzQxIyQxIyQ3IyQ4MiQzNjEwMDIjNDEjJDEjJDQjJDgz,28,2021-11-04,20
JDU4MTI3MSM1MSMkMiMkMCMkMDAkNDgxMzUxIzQxIyQxIyQ3IyQ5OSQ0NjEwMDIjNTEjJDEjJDYjJDgz,1,2021-11-04,20
JDU4MTI3MSM1MSMkMiMkMCMkMDAkNDgxMzUxIzUxIyQxIyQxIyQ5MiQzNjEyMjIjNDEjJDEjJDgjJDgz,9,2021-11-18,20
JDU4MTI3MSM1MSMkMiMkMCMkMDAkNDgxNzAyIzExIyQxIyQ3IyQ5MiQ0NjEwMDIjODEjJDEjJDIjJDgz,22,2021-11-04,20
JDU4MTI3MSM1MSMkMiMkMCMkMDAkNDgxNzAyIzExIyQxIyQ3IyQ5OSQzNjEwMDIjODEjJDEjJDYjJDgz,17,2021-11-24,20
JDU4MTI3MSM1MSMkMiMkMCMkMDAkNDgxNzAyIzExIyQxIyQzIyQ3OSQ0NjE0ODEjNTEjJDEjJDIjJDgz,3,2021-11-30,20
JDU4MTI3MSM1MSMkMiMkMCMkMDAkNDgxNzAyIzExIyQxIyQzIyQ4MiQzNjEwMDIjNDEjJDEjJDgjJDgz,23,2021-11-27,20
JDU4MTI3MSM1MSMkMiMkMCMkMDAkNDgxNzAyIzIxIyQxIyQ1IyQ3MiQzNjE0ODEjNjEjJDEjJDQjJDgz,4,2021-11-08,20
JDU4MTI3MSM1MSMkMiMkMCMkMDAkNDgxNzAyIzIxIyQxIyQ1IyQ4OSQzNjE4MzIjNDEjJDEjJDgjJDgz,24,2021-11-08,20
JDU4MTI3MSM1MSMkMiMkMCMkMDAkNDgxNzAyIzIxIyQxIyQ1IyQxMyQyNjE0ODEjNDEjJDEjJDgjJDgz,24,2021-11-08,20
JDU4MTI3MSM1MSMkMiMkMCMkMDAkNDgxNzAyIzIxIyQxIyQxIyQ4MiQyNjE4MzIjODEjJDEjJDIjJDgz,28,2021-11-27,20
JDU4MTI3MSM1MSMkMiMkMCMkMDAkNDgxNzAyIzIxIyQxIyQxIyQ5MiQyNjEyMjIjNzEjJDEjJDgjJDgz,21,2021-11-01,20
JDU4MTI3MSM1MSMkMiMkMCMkMDAkNDgxNzAyIzIxIyQxIyQxIyQwMyQ0NjE0ODEjNTEjJDEjJDYjJDgz,20,2021-11-01,20
JDU4MTI3MSM1MSMkMiMkMCMkMDAkNDgxNzAyIzIxIyQxIyQxIyQxMyQ0NjEwMDIjODEjJDEjJDYjJDgz,13,2021-11-04,20
JDU4MTI3MSM1MSMkMiMkMCMkMDAkNDgxOTYxIzExIyQxIyQ3IyQ2MiQyNjEwMDIjNDEjJDEjJDQjJDgz,20,2021-11-24,20
JDU4MTI3MSM1MSMkMiMkMCMkMDAkNDgxOTYxIzExIyQxIyQ3IyQ2MiQzNjEyMjIjNDEjJDEjJDgjJDgz,26,2021-11-08,20
JDU4MTI3MSM1MSMkMiMkMCMkMDAkNDgxOTYxIzExIyQxIyQ3IyQ3OSQzNjE0ODEjNjEjJDEjJDQjJDgz,18,2021-11-22,20
JDU4MTI3MSM1MSMkMiMkMCMkMDAkNDgxOTYxIzExIyQxIyQ3IyQ4OSQzNjE4MzIjNzEjJDEjJDgjJDgz,21,2021-11-02,20
JDU4MTI3MSM1MSMkMiMkMCMkMDAkNDgxOTYxIzExIyQxIyQ3IyQ5MiQ0NjEwMDIjNzEjJDEjJDgjJDgz,5,2021-11-15,20
JDU4MTI3MSM1MSMkMiMkMCMkMDAkNDgxOTYxIzExIyQxIyQ3IyQ5MiQyNjE0ODEjNTEjJDEjJDYjJDgz,2,2021-11-27,20
JDU4MTI3MSM1MSMkMiMkMCMkMDAkNDgxOTYxIzExIyQxIyQ3IyQ5MiQzNjEyMjIjNTEjJDEjJDIjJDgz,27,2021-11-15,20
JDU4MTI3MSM1MSMkMiMkMCMkMDAkNDgxOTYxIzExIyQxIyQzIyQ2MiQzNjE4MzIjNTEjJDEjJDIjJDgz,4,2021-11-02,20
JDU4MTI3MSM1MSMkMiMkMCMkMDAkNDgxOTYxIzExIyQxIyQzIyQ3OSQyNjEyMjIjNTEjJDEjJDIjJDgz,16,2021-11-22,20
JDU4MTI3MSM1MSMkMiMkMCMkMDAkNDgxOTYxIzIxIyQxIyQ1IyQxMyQzNjEyMjIjNDEjJDEjJDQjJDgz,16,2021-11-22,20
JDU4MTI3MSM1MSMkMiMkMCMkMDAkNDgxOTYxIzIxIyQxIyQ5IyQ3OSQyNjE0ODEjNDEjJDEjJDgjJDgz,4,2021-11-12,20
JDU4MTI3MSM1MSMkMiMkMCMkMDAkNDgxOTYxIzIxIyQxIyQxIyQ4OSQ0NjE0ODEjNDEjJDEjJDgjJDgz,11,2021-11-08,20
JDU4MTI3MSM1MSMkMiMkMCMkMDAkNDgxOTYxIzIxIyQxIyQxIyQ5MiQ0NjEwMDIjNTEjJDEjJDYjJDgz,30,2021-11-15,20
JDU4MTI3MSM1MSMkMiMkMCMkMDAkNDgxOTYxIzMxIyQxIyQ3IyQ4MiQyNjE0ODEjODEjJDEjJDIjJDgz,14,2021-11-15,20
JDU4MTI3MSM1MSMkMiMkMCMkMDAkNDgxOTYxIzMxIyQxIyQzIyQwMyQ0NjEwMDIjNDEjJDEjJDQjJDgz,12,2021-11-15,20
JDU4MTI3MSM1MSMkMiMkMCMkMDAkNDgxOTYxIzMxIyQyIyQzIyQwMCQyNjEwMDIjODEjJDEjJDIjJDgz,9,2021-11-15,20
JDU4MTI3MSM1MSMkMiMkMCMkMDAkNDgxOTYxIzQxIyQxIyQ3IyQ5MiQ0NjEwMDIjNjEjJDEjJDQjJDgz,10,2021-11-27,20
JDU4MTI3MSM1MSMkMiMkMCMkMDAkNDgxOTYxIzQxIyQxIyQ3IyQxMyQzNjEyMjIjNjEjJDEjJDQjJDgz,1,2021-11-01,20
JDU4MTI3MSM1MSMkMiMkMCMkMDAkNDgxOTYxIzUxIyQxIyQ1IyQ2MiQzNjE4MzIjNDEjJDEjJDQjJDgz,1,2021-11-22,20
JDU4MTI3MSM1MSMkMiMkMCMkMDAkNDgxOTYxIzUxIyQxIyQ1IyQ3MiQ0NjE0ODEjNjEjJDEjJDQjJDgz,1,2021-11-12,20
JDU4MTI3MSM1MSMkMiMkMCMkMDAkNDgxOTYxIzUxIyQxIyQxIyQwMyQ0NjE0ODEjNDEjJDEjJDgjJDgz,11,2021-11-15,20
JDU4MTI3MSM1MSMkMiMkMCMkMDAkNDgxOTYxIzUxIyQyIyQxIyQwMCQzNjE0ODEjNDEjJDEjJDgjJDgz,23,2021-11-02,20
JDQ4MTg4MSM1MSMkMSMkMCMkOTkkMzgxMzUxIzQxIyQxIyQ3IyQ2MiQzNjEwMDIjNDEjJDEjJDgjJDgz,172,2021-11-24,30
JDQ4MTg4MSM1MSMkMSMkMCMkOTkkMzgxMzUxIzQxIyQxIyQ3IyQ3OSQyNjEwMDIjODEjJDEjJDYjJDgz,200,2021-11-24,30
JDQ4MTg4MSM1MSMkMSMkMCMkOTkkMzgxMzUxIzQxIyQxIyQ3IyQ3OSQyNjEyMjIjNzEjJDEjJDgjJDgz,180,2021-11-04,30
JDQ4MTYyMiM1MSMkMiMkMCMkMDAkMzgxMTkxIzQxIyQxIyQ3IyQ3MiQyNjE4MzIjNTEjJDEjJDIjJDgz,15,2021-11-04,30
JDQ4MTYyMiM1MSMkMiMkMCMkMDAkMzgxMTkxIzUxIyQxIyQ1IyQ5OSQzNjE4MzIjNjEjJDEjJDgjJDgz,27,2021-11-30,30
JDQ4MTYyMiM1MSMkMiMkMCMkMDAkMzgxMTkxIzUxIyQxIyQxIyQ4MiQyNjE0ODEjNDEjJDEjJDgjJDgz,21,2021-11-02,30
JDQ4MTYyMiM1MSMkMiMkMCMkMDAkMzgxNzAyIzExIyQxIyQ3IyQ3MiQyNjEwMDIjNTEjJDEjJDYjJDgz,30,2021-11-02,30
JDQ4MTYyMiM1MSMkMiMkMCMkMDAkMzgxNzAyIzExIyQxIyQ3IyQxMyQyNjE0ODEjNjEjJDEjJDAjJDgz,13,2021-11-04,30
JDQ4MTYyMiM1MSMkMiMkMCMkMDAkMzgxNzAyIzIxIyQxIyQ1IyQ5MiQzNjE0ODEjNjEjJDEjJDQjJDgz,1,2021-11-04,30
JDQ4MTYyMiM1MSMkMiMkMCMkMDAkMzgxNzAyIzIxIyQxIyQ5IyQ3OSQyNjE4MzIjNTEjJDEjJDIjJDgz,11,2021-11-30,30
JDQ4MTYyMiM1MSMkMiMkMCMkMDAkMzgxNzAyIzIxIyQxIyQ5IyQwMyQyNjEwMDIjNjEjJDEjJDAjJDgz,11,2021-11-24,30
JDQ4MTYyMiM1MSMkMiMkMCMkMDAkMzgxNzAyIzIxIyQxIyQ5IyQxMyQyNjE0ODEjNTEjJDEjJDYjJDgz,16,2021-11-22,30
JDQ4MTYyMiM1MSMkMiMkMCMkMDAkMzgxNzAyIzMxIyQxIyQ3IyQ3MiQzNjE4MzIjNjEjJDEjJDAjJDgz,23,2021-11-18,30
JDQ4MTYyMiM1MSMkMiMkMCMkMDAkMzgxNzAyIzMxIyQxIyQzIyQ4MiQzNjEwMDIjODEjJDEjJDYjJDgz,28,2021-11-15,30
JDQ4MTYyMiM1MSMkMiMkMCMkMDAkMzgxNzAyIzQxIyQxIyQ3IyQ2MiQyNjEwMDIjNjEjJDEjJDAjJDgz,10,2021-11-12,30
JDQ4MTYyMiM1MSMkMiMkMCMkMDAkMzgxNzAyIzUxIyQyIyQxIyQwMCQ0NjEwMDIjODEjJDEjJDYjJDgz,30,2021-11-01,30
JDQ4MTYyMiM1MSMkMiMkMCMkMDAkMzgxOTYxIzUxIyQxIyQ1IyQ4MiQyNjEwMDIjNDEjJDEjJDgjJDgz,17,2021-11-22,30
JDQ4MTYyMiM1MSMkMiMkMCMkMDAkNDgxMTkxIzExIyQxIyQ3IyQ3MiQzNjEyMjIjNDEjJDEjJDgjJDgz,23,2021-11-12,30
JDQ4MTYyMiM1MSMkMiMkMCMkMDAkNDgxMTkxIzExIyQxIyQ3IyQ5OSQzNjEyMjIjODEjJDEjJDYjJDgz,2,2021-11-04,30
JDQ4MTYyMiM1MSMkMiMkMCMkMDAkNDgxMTkxIzExIyQxIyQ3IyQxMyQyNjEwMDIjODEjJDEjJDYjJDgz,25,2021-11-24,30
JDQ4MTYyMiM1MSMkMiMkMCMkMDAkNDgxMTkxIzExIyQxIyQzIyQwMyQ0NjEwMDIjNDEjJDEjJDgjJDgz,23,2021-11-24,30
JDQ4MTYyMiM1MSMkMiMkMCMkMDAkNDgxMTkxIzIxIyQxIyQ1IyQ3OSQ0NjEwMDIjNDEjJDEjJDgjJDgz,25,2021-11-24,30
JDQ4MTYyMiM1MSMkMiMkMCMkMDAkNDgxMTkxIzIxIyQxIyQ1IyQ3OSQzNjEwMDIjODEjJDEjJDYjJDgz,17,2021-11-30,30
JDQ4MTYyMiM1MSMkMiMkMCMkMDAkNDgxMTkxIzIxIyQxIyQ1IyQ5MiQyNjE0ODEjODEjJDEjJDYjJDgz,21,2021-11-22,30
JDQ4MTYyMiM1MSMkMiMkMCMkMDAkNDgxMTkxIzIxIyQxIyQ1IyQ5MiQzNjE4MzIjNjEjJDEjJDgjJDgz,1,2021-11-18,30
JDQ4MTYyMiM1MSMkMiMkMCMkMDAkNDgxMTkxIzIxIyQxIyQ1IyQ5OSQyNjEwMDIjNDEjJDEjJDgjJDgz,12,2021-11-18,30
JDQ4MTYyMiM1MSMkMiMkMCMkMDAkNDgxMTkxIzIxIyQxIyQ1IyQwMyQ0NjEwMDIjNDEjJDEjJDQjJDgz,10,2021-11-08,30
JDQ4MTYyMiM1MSMkMiMkMCMkMDAkNDgxMTkxIzIxIyQxIyQ5IyQ4OSQ0NjEwMDIjNjEjJDEjJDQjJDgz,18,2021-11-02,30
JDQ4MTYyMiM1MSMkMiMkMCMkMDAkNDgxMTkxIzIxIyQxIyQ5IyQ5MiQzNjEwMDIjNjEjJDEjJDgjJDgz,8,2021-11-02,30
JDQ4MTYyMiM1MSMkMiMkMCMkMDAkNDgxMTkxIzIxIyQxIyQ5IyQ5OSQzNjEwMDIjNDEjJDEjJDQjJDgz,29,2021-11-27,30
JDQ4MTYyMiM1MSMkMiMkMCMkMDAkNDgxMTkxIzIxIyQxIyQ5IyQwMyQzNjEwMDIjNTEjJDEjJDYjJDgz,10,2021-11-02,30
JDQ4MTYyMiM1MSMkMiMkMCMkMDAkNDgxMTkxIzIxIyQxIyQxIyQ4OSQzNjE0ODEjNDEjJDEjJDgjJDgz,21,2021-11-12,30
JDQ4MTYyMiM1MSMkMiMkMCMkMDAkNDgxMTkxIzIxIyQyIyQ5IyQwMCQyNjE4MzIjNDEjJDEjJDgjJDgz,7,2021-11-24,30
JDQ4MTYyMiM1MSMkMiMkMCMkMDAkNDgxMTkxIzIxIyQyIyQ5IyQwMCQzNjEwMDIjNzEjJDEjJDgjJDgz,7,2021-11-12,30
JDQ4MTYyMiM1MSMkMiMkMCMkMDAkNDgxMTkxIzMxIyQxIyQzIyQ4MiQ0NjEwMDIjODEjJDEjJDIjJDgz,27,2021-11-12,30
JDQ4MTYyMiM1MSMkMiMkMCMkMDAkNDgxMTkxIzMxIyQxIyQzIyQ4OSQ0NjE0ODEjNTEjJDEjJDYjJDgz,9,2021-11-02,30
JDQ4MTYyMiM1MSMkMiMkMCMkMDAkNDgxMTkxIzQxIyQxIyQ3IyQ2MiQyNjE4MzIjNzEjJDEjJDgjJDgz,30,2021-11-12,30
JDQ4MTYyMiM1MSMkMiMkMCMkMDAkNDgxMTkxIzUxIyQxIyQ1IyQ3MiQyNjEwMDIjNDEjJDEjJDgjJDgz,1,2021-11-15,30
JDQ4MTYyMiM1MSMkMiMkMCMkMDAkNDgxMTkxIzUxIyQxIyQ1IyQ4OSQzNjEwMDIjNjEjJDEjJDAjJDgz,29,2021-11-24,30
JDQ4MTYyMiM1MSMkMiMkMCMkMDAkNDgxMTkxIzUxIyQxIyQ1IyQ5MiQyNjEyMjIjNTEjJDEjJDYjJDgz,12,2021-11-02,30
JDQ4MTYyMiM1MSMkMiMkMCMkMDAkNDgxMTkxIzUxIyQyIyQ1IyQwMCQyNjE0ODEjODEjJDEjJDIjJDgz,26,2021-11-18,30
JDQ4MTYyMiM1MSMkMiMkMCMkMDAkNDgxMzUxIzExIyQxIyQ3IyQ2MiQyNjE0ODEjNTEjJDEjJDYjJDgz,8,2021-11-08,30
JDQ4MTYyMiM1MSMkMiMkMCMkMDAkNDgxMzUxIzExIyQxIyQ3IyQ4MiQzNjE4MzIjNjEjJDEjJDQjJDgz,14,2021-11-21,30
JDQ4MTYyMiM1MSMkMiMkMCMkMDAkNDgxMzUxIzExIyQxIyQzIyQ5MiQyNjEwMDIjNzEjJDEjJDgjJDgz,16,2021-11-18,30
JDQ4MTYyMiM1MSMkMiMkMCMkMDAkNDgxMzUxIzIxIyQxIyQ1IyQ2MiQyNjE0ODEjNjEjJDEjJDgjJDgz,18,2021-11-01,30
JDQ4MTYyMiM1MSMkMiMkMCMkMDAkNDgxMzUxIzIxIyQxIyQ1IyQ4OSQ0NjE0ODEjNDEjJDEjJDQjJDgz,9,2021-11-24,30
JDQ4MTYyMiM1MSMkMiMkMCMkMDAkNDgxMzUxIzIxIyQxIyQ1IyQwMyQyNjEyMjIjNDEjJDEjJDgjJDgz,17,2021-11-27,30
JDQ4MTYyMiM1MSMkMiMkMCMkMDAkNDgxMzUxIzIxIyQxIyQ5IyQ2MiQzNjEwMDIjNTEjJDEjJDYjJDgz,26,2021-11-08,30
JDQ4MTYyMiM1MSMkMiMkMCMkMDAkNDgxMzUxIzIxIyQxIyQ5IyQ4MiQzNjEwMDIjODEjJDEjJDIjJDgz,24,2021-11-24,30
JDQ4MTYyMiM1MSMkMiMkMCMkMDAkNDgxMzUxIzIxIyQxIyQ5IyQwMyQ0NjEwMDIjNjEjJDEjJDQjJDgz,9,2021-11-15,30
JDQ4MTYyMiM1MSMkMiMkMCMkMDAkNDgxMzUxIzIxIyQxIyQ5IyQxMyQ0NjEwMDIjNTEjJDEjJDIjJDgz,11,2021-11-30,30
JDQ4MTYyMiM1MSMkMiMkMCMkMDAkNDgxMzUxIzIxIyQyIyQxIyQwMCQzNjEwMDIjNTEjJDEjJDYjJDgz,19,2021-11-27,30
JDQ4MTYyMiM1MSMkMiMkMCMkMDAkNDgxMzUxIzMxIyQxIyQ3IyQ2MiQ0NjE0ODEjNDEjJDEjJDgjJDgz,4,2021-11-08,30
JDQ4MTYyMiM1MSMkMiMkMCMkMDAkNDgxMzUxIzMxIyQxIyQ3IyQ3MiQ0NjE0ODEjODEjJDEjJDIjJDgz,26,2021-11-15,30
JDQ4MTYyMiM1MSMkMiMkMCMkMDAkNDgxMzUxIzMxIyQxIyQ3IyQ3MiQyNjE4MzIjNzEjJDEjJDgjJDgz,26,2021-11-24,30
JDQ4MTYyMiM1MSMkMiMkMCMkMDAkNDgxMzUxIzMxIyQxIyQ3IyQ4OSQzNjE0ODEjNjEjJDEjJDgjJDgz,17,2021-11-01,30
JDQ4MTYyMiM1MSMkMiMkMCMkMDAkNDgxMzUxIzMxIyQxIyQzIyQ3MiQyNjEwMDIjNjEjJDEjJDAjJDgz,21,2021-11-08,30
JDQ4MTYyMiM1MSMkMiMkMCMkMDAkNDgxMzUxIzMxIyQxIyQzIyQ3OSQyNjE0ODEjNDEjJDEjJDQjJDgz,6,2021-11-21,30
JDQ4MTYyMiM1MSMkMiMkMCMkMDAkNDgxMzUxIzMxIyQxIyQzIyQ3OSQyNjEwMDIjODEjJDEjJDIjJDgz,4,2021-11-04,30
JDQ4MTYyMiM1MSMkMiMkMCMkMDAkNDgxMzUxIzMxIyQyIyQ3IyQwMCQyNjE4MzIjNTEjJDEjJDIjJDgz,11,2021-11-02,30
JDQ4MTYyMiM1MSMkMiMkMCMkMDAkNDgxMzUxIzMxIyQyIyQ3IyQwMCQzNjEyMjIjNzEjJDEjJDgjJDgz,2,2021-11-18,30
JDQ4MTYyMiM1MSMkMiMkMCMkMDAkNDgxMzUxIzMxIyQyIyQzIyQwMCQ0NjE0ODEjNzEjJDEjJDgjJDgz,17,2021-11-12,30
JDQ4MTYyMiM1MSMkMiMkMCMkMDAkNDgxMzUxIzQxIyQxIyQ3IyQ3OSQyNjE4MzIjNzEjJDEjJDgjJDgz,13,2021-11-08,30
JDQ4MTYyMiM1MSMkMiMkMCMkMDAkNDgxMzUxIzQxIyQxIyQ3IyQxMyQyNjE4MzIjNTEjJDEjJDIjJDgz,16,2021-11-08,30
JDQ4MTYyMiM1MSMkMiMkMCMkMDAkNDgxMzUxIzUxIyQxIyQ1IyQ4MiQzNjEwMDIjNDEjJDEjJDQjJDgz,19,2021-11-27,30
JDQ4MTYyMiM1MSMkMiMkMCMkMDAkNDgxMzUxIzUxIyQxIyQ1IyQ4OSQzNjE4MzIjNDEjJDEjJDQjJDgz,4,2021-11-24,30
JDQ4MTYyMiM1MSMkMiMkMCMkMDAkNDgxMzUxIzUxIyQxIyQ1IyQ5OSQyNjEyMjIjNjEjJDEjJDgjJDgz,17,2021-11-08,30
JDQ4MTYyMiM1MSMkMiMkMCMkMDAkNDgxMzUxIzUxIyQxIyQxIyQ2MiQzNjE4MzIjNjEjJDEjJDQjJDgz,4,2021-11-24,30
JDQ4MTYyMiM1MSMkMiMkMCMkMDAkNDgxMzUxIzUxIyQxIyQxIyQ3OSQyNjEyMjIjNjEjJDEjJDQjJDgz,21,2021-11-01,30
JDQ4MTYyMiM1MSMkMiMkMCMkMDAkNDgxMzUxIzUxIyQxIyQxIyQ4MiQyNjEyMjIjODEjJDEjJDYjJDgz,3,2021-11-24,30
JDQ4MTYyMiM1MSMkMiMkMCMkMDAkNDgxMzUxIzUxIyQyIyQxIyQwMCQyNjEwMDIjODEjJDEjJDYjJDgz,22,2021-11-02,30
JDQ4MTYyMiM1MSMkMiMkMCMkMDAkNDgxNzAyIzExIyQxIyQ3IyQ3MiQzNjE4MzIjNjEjJDEjJDAjJDgz,15,2021-11-12,30
JDQ4MTYyMiM1MSMkMiMkMCMkMDAkNDgxNzAyIzExIyQxIyQ3IyQ4OSQ0NjE0ODEjNTEjJDEjJDYjJDgz,14,2021-11-15,30
JDQ4MTYyMiM1MSMkMiMkMCMkMDAkNDgxNzAyIzExIyQxIyQ3IyQxMyQyNjE4MzIjNDEjJDEjJDgjJDgz,25,2021-11-08,30
JDQ4MTYyMiM1MSMkMiMkMCMkMDAkNDgxNzAyIzExIyQxIyQzIyQ3OSQzNjEyMjIjNTEjJDEjJDYjJDgz,3,2021-11-22,30
JDQ4MTYyMiM1MSMkMiMkMCMkMDAkNDgxNzAyIzIxIyQxIyQ1IyQ4OSQ0NjE0ODEjNjEjJDEjJDgjJDgz,8,2021-11-01,30
JDQ4MTYyMiM1MSMkMiMkMCMkMDAkNDgxNzAyIzIxIyQxIyQ1IyQxMyQyNjEyMjIjNjEjJDEjJDQjJDgz,19,2021-11-12,30
JDQ4MTYyMiM1MSMkMiMkMCMkMDAkNDgxNzAyIzIxIyQxIyQ5IyQ5MiQyNjE4MzIjNjEjJDEjJDQjJDgz,2,2021-11-24,30
JDQ4MTYyMiM1MSMkMiMkMCMkMDAkNDgxNzAyIzIxIyQxIyQxIyQ2MiQyNjE0ODEjNjEjJDEjJDgjJDgz,23,2021-11-21,30
JDQ4MTYyMiM1MSMkMiMkMCMkMDAkNDgxNzAyIzIxIyQxIyQxIyQ3MiQzNjEwMDIjNjEjJDEjJDAjJDgz,30,2021-11-04,30
JDQ4MTYyMiM1MSMkMiMkMCMkMDAkNDgxNzAyIzIxIyQxIyQxIyQ5MiQ0NjEwMDIjNDEjJDEjJDgjJDgz,21,2021-11-04,30
JDQ4MTYyMiM1MSMkMiMkMCMkMDAkNDgxNzAyIzIxIyQxIyQxIyQxMyQzNjE0ODEjNjEjJDEjJDQjJDgz,28,2021-11-21,30
JDQ4MTYyMiM1MSMkMiMkMCMkMDAkNDgxNzAyIzMxIyQxIyQ3IyQ2MiQzNjEwMDIjNTEjJDEjJDIjJDgz,6,2021-11-02,30
JDQ4MTYyMiM1MSMkMiMkMCMkMDAkNDgxNzAyIzMxIyQxIyQ3IyQ3OSQ0NjE0ODEjODEjJDEjJDIjJDgz,21,2021-11-04,30
JDQ4MTYyMiM1MSMkMiMkMCMkMDAkNDgxNzAyIzMxIyQxIyQ3IyQ5OSQyNjEwMDIjNjEjJDEjJDQjJDgz,17,2021-11-22,30
JDQ4MTYyMiM1MSMkMiMkMCMkMDAkNDgxNzAyIzMxIyQxIyQzIyQ3MiQzNjE4MzIjNDEjJDEjJDQjJDgz,8,2021-11-24,30
JDQ4MTYyMiM1MSMkMiMkMCMkMDAkNDgxNzAyIzMxIyQxIyQzIyQ4MiQ0NjEwMDIjNTEjJDEjJDYjJDgz,5,2021-11-15,30
JDQ4MTYyMiM1MSMkMiMkMCMkMDAkNDgxNzAyIzMxIyQxIyQzIyQwMyQ0NjEwMDIjODEjJDEjJDIjJDgz,22,2021-11-08,30
JDQ4MTYyMiM1MSMkMiMkMCMkMDAkNDgxNzAyIzQxIyQxIyQ3IyQ3MiQzNjEyMjIjNjEjJDEjJDAjJDgz,22,2021-11-21,30
JDQ4MTYyMiM1MSMkMiMkMCMkMDAkNDgxNzAyIzQxIyQxIyQ3IyQ4MiQzNjEwMDIjNTEjJDEjJDYjJDgz,7,2021-11-24,30
JDQ4MTYyMiM1MSMkMiMkMCMkMDAkNDgxNzAyIzQxIyQxIyQ3IyQ4OSQ0NjE0ODEjNDEjJDEjJDgjJDgz,22,2021-11-08,30
JDQ4MTYyMiM1MSMkMiMkMCMkMDAkNDgxNzAyIzQxIyQyIyQ3IyQwMCQ0NjEwMDIjNjEjJDEjJDAjJDgz,2,2021-11-21,30
JDQ4MTYyMiM1MSMkMiMkMCMkMDAkNDgxNzAyIzUxIyQxIyQ1IyQ3OSQ0NjEwMDIjNjEjJDEjJDQjJDgz,19,2021-11-12,30
JDQ4MTYyMiM1MSMkMiMkMCMkMDAkNDgxNzAyIzUxIyQxIyQxIyQ5MiQzNjE4MzIjNTEjJDEjJDYjJDgz,20,2021-11-02,30
JDQ4MTYyMiM1MSMkMiMkMCMkMDAkNDgxNzAyIzUxIyQxIyQxIyQ5MiQzNjEyMjIjNjEjJDEjJDQjJDgz,24,2021-11-24,30
JDQ4MTYyMiM1MSMkMiMkMCMkMDAkNDgxNzAyIzUxIyQxIyQxIyQ5OSQyNjE4MzIjNjEjJDEjJDAjJDgz,7,2021-11-15,30
JDQ4MTYyMiM1MSMkMiMkMCMkMDAkNDgxNzAyIzUxIyQxIyQxIyQ5OSQzNjE0ODEjNTEjJDEjJDIjJDgz,23,2021-11-30,30
JDQ4MTYyMiM1MSMkMiMkMCMkMDAkNDgxOTYxIzExIyQxIyQ3IyQ2MiQyNjEwMDIjNzEjJDEjJDgjJDgz,10,2021-11-08,30
JDQ4MTYyMiM1MSMkMiMkMCMkMDAkNDgxOTYxIzExIyQxIyQ3IyQ5OSQyNjEwMDIjNTEjJDEjJDIjJDgz,7,2021-11-08,30
JDQ4MTYyMiM1MSMkMiMkMCMkMDAkNDgxOTYxIzExIyQxIyQzIyQ5MiQzNjE4MzIjNDEjJDEjJDgjJDgz,25,2021-11-30,30
JDQ4MTYyMiM1MSMkMiMkMCMkMDAkNDgxOTYxIzExIyQyIyQ3IyQwMCQyNjE0ODEjNDEjJDEjJDgjJDgz,15,2021-11-08,30
JDQ4MTYyMiM1MSMkMiMkMCMkMDAkNDgxOTYxIzExIyQyIyQ3IyQwMCQzNjE0ODEjNjEjJDEjJDAjJDgz,23,2021-11-18,30
JDQ4MTYyMiM1MSMkMiMkMCMkMDAkNDgxOTYxIzIxIyQxIyQ1IyQ4OSQzNjE0ODEjNTEjJDEjJDIjJDgz,3,2021-11-21,30
JDQ4MTYyMiM1MSMkMiMkMCMkMDAkNDgxOTYxIzIxIyQxIyQ1IyQxMyQ0NjEwMDIjNDEjJDEjJDgjJDgz,10,2021-11-04,30
JDQ4MTYyMiM1MSMkMiMkMCMkMDAkNDgxOTYxIzIxIyQxIyQxIyQ5MiQyNjEyMjIjNTEjJDEjJDYjJDgz,8,2021-11-30,30
JDQ4MTYyMiM1MSMkMiMkMCMkMDAkNDgxOTYxIzIxIyQyIyQxIyQwMCQyNjE4MzIjNTEjJDEjJDIjJDgz,2,2021-11-04,30
JDQ4MTYyMiM1MSMkMiMkMCMkMDAkNDgxOTYxIzMxIyQyIyQzIyQwMCQzNjEwMDIjODEjJDEjJDIjJDgz,18,2021-11-15,30
JDQ4MTYyMiM1MSMkMiMkMCMkMDAkNDgxOTYxIzQxIyQxIyQ3IyQ3OSQyNjEyMjIjNjEjJDEjJDAjJDgz,26,2021-11-01,30
JDQ4MTYyMiM1MSMkMiMkMCMkMDAkNDgxOTYxIzUxIyQxIyQ1IyQ2MiQzNjEwMDIjNDEjJDEjJDgjJDgz,3,2021-11-15,30
JDQ4MTYyMiM1MSMkMiMkMCMkMDAkNDgxOTYxIzUxIyQxIyQ1IyQwMyQyNjEyMjIjNjEjJDEjJDQjJDgz,4,2021-11-24,30
JDQ4MTYyMiM1MSMkMiMkMCMkMDAkNTgxMzUxIzExIyQxIyQ3IyQ3MiQzNjEwMDIjNTEjJDEjJDYjJDgz,6,2021-11-30,30
JDQ4MTYyMiM1MSMkMiMkMCMkMDAkNTgxMzUxIzExIyQxIyQ3IyQ4MiQzNjEwMDIjNDEjJDEjJDgjJDgz,26,2021-11-24,30
JDQ4MTYyMiM1MSMkMiMkMCMkMDAkNTgxMzUxIzExIyQxIyQ3IyQ5OSQyNjEyMjIjNzEjJDEjJDgjJDgz,8,2021-11-27,30
JDQ4MTYyMiM1MSMkMiMkMCMkMDAkNTgxMzUxIzExIyQxIyQ3IyQwMyQyNjE4MzIjODEjJDEjJDYjJDgz,9,2021-11-15,30
JDQ4MTYyMiM1MSMkMiMkMCMkMDAkNTgxMzUxIzExIyQxIyQzIyQ2MiQyNjE0ODEjODEjJDEjJDYjJDgz,6,2021-11-08,30
JDQ4MTYyMiM1MSMkMiMkMCMkMDAkNTgxMzUxIzIxIyQxIyQxIyQ3OSQyNjEyMjIjODEjJDEjJDYjJDgz,9,2021-11-24,30
JDQ4MTYyMiM1MSMkMiMkMCMkMDAkNTgxMzUxIzIxIyQyIyQxIyQwMCQyNjEwMDIjNTEjJDEjJDIjJDgz,22,2021-11-01,30
JDQ4MTYyMiM1MSMkMiMkMCMkMDAkNTgxMzUxIzMxIyQxIyQ3IyQ4MiQzNjEwMDIjNTEjJDEjJDIjJDgz,30,2021-11-24,30
JDQ4MTYyMiM1MSMkMiMkMCMkMDAkNTgxMzUxIzQxIyQxIyQ3IyQ5OSQyNjE0ODEjODEjJDEjJDYjJDgz,4,2021-11-22,30
JDQ4MTYyMiM1MSMkMiMkMCMkMDAkNTgxMzUxIzQxIyQxIyQ3IyQ5OSQyNjEyMjIjNjEjJDEjJDQjJDgz,7,2021-11-21,30
JDQ4MTYyMiM1MSMkMiMkMCMkMDAkNTgxMzUxIzUxIyQxIyQ1IyQ2MiQzNjE0ODEjODEjJDEjJDYjJDgz,30,2021-11-18,30
JDQ4MTYyMiM1MSMkMiMkMCMkMDAkNTgxMzUxIzUxIyQxIyQ1IyQ3MiQzNjEwMDIjNjEjJDEjJDAjJDgz,13,2021-11-12,30
JDQ4MTYyMiM1MSMkMiMkMCMkMDAkNTgxMzUxIzUxIyQxIyQ1IyQ4MiQ0NjEwMDIjNjEjJDEjJDAjJDgz,26,2021-11-08,30
JDQ4MTYyMiM1MSMkMiMkMCMkMDAkNTgxMzUxIzUxIyQxIyQxIyQ2MiQyNjE0ODEjNDEjJDEjJDQjJDgz,5,2021-11-01,30
JDQ4MTYyMiM1MSMkMiMkMCMkMDAkNTgxMzUxIzUxIyQxIyQxIyQ4OSQyNjE0ODEjODEjJDEjJDIjJDgz,11,2021-11-27,30
JDQ4MTYyMiM1MSMkMiMkMCMkMDAkNTgxMzUxIzUxIyQyIyQxIyQwMCQ0NjEwMDIjNjEjJDEjJDgjJDgz,5,2021-11-22,30
JDQ4MTYyMiM1MSMkMiMkMCMkMDAkNTgxOTYxIzExIyQxIyQ3IyQ5OSQyNjEyMjIjNTEjJDEjJDIjJDgz,7,2021-11-21,30
JDQ4MTYyMiM1MSMkMiMkMCMkMDAkNTgxOTYxIzExIyQxIyQ3IyQxMyQyNjEwMDIjNjEjJDEjJDQjJDgz,25,2021-11-04,30
JDQ4MTYyMiM1MSMkMiMkMCMkMDAkNTgxOTYxIzExIyQxIyQzIyQ2MiQyNjEwMDIjNTEjJDEjJDIjJDgz,10,2021-11-24,30
JDQ4MTYyMiM1MSMkMiMkMCMkMDAkNTgxOTYxIzExIyQxIyQzIyQ3MiQyNjEyMjIjODEjJDEjJDIjJDgz,21,2021-11-02,30
JDQ4MTYyMiM1MSMkMiMkMCMkMDAkNTgxOTYxIzExIyQxIyQzIyQ5OSQ0NjEwMDIjNTEjJDEjJDYjJDgz,6,2021-11-24,30
JDQ4MTYyMiM1MSMkMiMkMCMkMDAkNTgxOTYxIzIxIyQxIyQ1IyQ2MiQyNjEwMDIjNDEjJDEjJDgjJDgz,3,2021-11-24,30
JDQ4MTYyMiM1MSMkMiMkMCMkMDAkNTgxOTYxIzIxIyQxIyQ1IyQ4OSQ0NjE0ODEjNzEjJDEjJDgjJDgz,17,2021-11-24,30
JDQ4MTYyMiM1MSMkMiMkMCMkMDAkNTgxOTYxIzIxIyQxIyQ1IyQ4OSQyNjEwMDIjNDEjJDEjJDQjJDgz,17,2021-11-27,30
JDQ4MTYyMiM1MSMkMiMkMCMkMDAkNTgxOTYxIzIxIyQxIyQ5IyQ3MiQyNjE4MzIjNDEjJDEjJDgjJDgz,11,2021-11-24,30
JDQ4MTYyMiM1MSMkMiMkMCMkMDAkNTgxOTYxIzIxIyQxIyQ5IyQ5MiQ0NjE0ODEjNzEjJDEjJDgjJDgz,13,2021-11-08,30
JDQ4MTYyMiM1MSMkMiMkMCMkMDAkNTgxOTYxIzIxIyQxIyQ5IyQ5OSQ0NjEwMDIjODEjJDEjJDYjJDgz,14,2021-11-15,30
JDQ4MTYyMiM1MSMkMiMkMCMkMDAkNTgxOTYxIzIxIyQxIyQ5IyQ5OSQyNjE4MzIjNDEjJDEjJDQjJDgz,17,2021-11-15,30
JDQ4MTYyMiM1MSMkMiMkMCMkMDAkNTgxOTYxIzIxIyQxIyQ5IyQ5OSQzNjEwMDIjNjEjJDEjJDgjJDgz,26,2021-11-18,30
JDQ4MTYyMiM1MSMkMiMkMCMkMDAkNTgxOTYxIzIxIyQxIyQxIyQ3MiQ0NjE0ODEjNDEjJDEjJDQjJDgz,10,2021-11-15,30
JDQ4MTYyMiM1MSMkMiMkMCMkMDAkNTgxOTYxIzIxIyQxIyQxIyQ5OSQzNjE4MzIjNDEjJDEjJDQjJDgz,12,2021-11-18,30
JDQ4MTYyMiM1MSMkMiMkMCMkMDAkNTgxOTYxIzIxIyQxIyQxIyQxMyQzNjE0ODEjNjEjJDEjJDgjJDgz,3,2021-11-27,30
JDQ4MTYyMiM1MSMkMiMkMCMkMDAkNTgxOTYxIzMxIyQxIyQ3IyQwMyQyNjEyMjIjODEjJDEjJDIjJDgz,16,2021-11-22,30
JDQ4MTYyMiM1MSMkMiMkMCMkMDAkNTgxOTYxIzMxIyQxIyQ3IyQwMyQzNjEwMDIjNTEjJDEjJDIjJDgz,16,2021-11-30,30
JDQ4MTYyMiM1MSMkMiMkMCMkMDAkNTgxOTYxIzMxIyQxIyQzIyQ4OSQyNjEyMjIjNDEjJDEjJDgjJDgz,14,2021-11-02,30
JDQ4MTYyMiM1MSMkMiMkMCMkMDAkNTgxOTYxIzQxIyQxIyQ3IyQ5OSQyNjEyMjIjNDEjJDEjJDgjJDgz,17,2021-11-18,30
JDQ4MTYyMiM1MSMkMiMkMCMkMDAkNTgxOTYxIzUxIyQxIyQ1IyQ2MiQ0NjEwMDIjNjEjJDEjJDQjJDgz,29,2021-11-24,30
JDQ4MTYyMiM1MSMkMiMkMCMkMDAkNTgxOTYxIzUxIyQxIyQ1IyQwMyQyNjEyMjIjNzEjJDEjJDgjJDgz,15,2021-11-27,30
JDQ4MTYyMiM1MSMkMiMkMCMkMDAkNTgxOTYxIzUxIyQxIyQxIyQ5OSQ0NjE0ODEjNjEjJDEjJDgjJDgz,17,2021-11-24,30
JDQ4MTYyMiM1MSMkMSMkMCMkOTIkMzgxMzUxIzExIyQxIyQzIyQ3MiQyNjE4MzIjNjEjJDEjJDQjJDgz,10,2021-11-27,30
JDQ4MTYyMiM1MSMkMSMkMCMkOTIkMzgxMzUxIzExIyQxIyQzIyQ3MiQzNjE4MzIjODEjJDEjJDIjJDgz,16,2021-11-01,30
JDQ4MTYyMiM1MSMkMSMkMCMkOTkkMzgxMzUxIzIxIyQyIyQ5IyQwMCQyNjE4MzIjNTEjJDEjJDYjJDgz,22,2021-11-08,30
JDQ4MTYyMiM1MSMkMSMkMCMkOTkkMzgxMzUxIzMxIyQxIyQ3IyQ2MiQyNjEwMDIjNzEjJDEjJDgjJDgz,16,2021-11-21,30
JDQ4MTYyMiM1MSMkMSMkMCMkOTkkMzgxMzUxIzMxIyQxIyQ3IyQ5OSQ0NjE0ODEjNDEjJDEjJDQjJDgz,26,2021-11-24,30
JDQ4MTYyMiM1MSMkMSMkMCMkOTkkMzgxMzUxIzQxIyQxIyQ3IyQ2MiQ0NjE0ODEjNDEjJDEjJDgjJDgz,12,2021-11-01,30
JDQ4MTYyMiM1MSMkMSMkMCMkOTkkMzgxMzUxIzUxIyQxIyQ1IyQ3OSQzNjE0ODEjNDEjJDEjJDgjJDgz,4,2021-11-02,30
JDQ4MTYyMiM1MSMkMSMkMCMkOTkkMzgxMzUxIzUxIyQxIyQ1IyQ4OSQyNjEyMjIjNTEjJDEjJDIjJDgz,30,2021-11-15,30
JDQ4MTYyMiM1MSMkMSMkMCMkOTkkMzgxMzUxIzUxIyQxIyQ1IyQxMyQ0NjE0ODEjNDEjJDEjJDQjJDgz,12,2021-11-08,30
JDQ4MTYyMiM1MSMkMSMkMCMkOTkkMzgxMzUxIzUxIyQxIyQxIyQ3MiQyNjE4MzIjNTEjJDEjJDYjJDgz,29,2021-11-04,30
JDQ4MTYyMiM1MSMkMSMkMCMkOTkkMzgxOTYxIzExIyQxIyQzIyQ4MiQzNjE0ODEjNTEjJDEjJDYjJDgz,8,2021-11-30,30
JDQ4MTYyMiM1MSMkMSMkMCMkOTkkMzgxOTYxIzExIyQyIyQzIyQwMCQyNjEyMjIjNjEjJDEjJDQjJDgz,7,2021-11-12,30
JDU4MTI3MSM1MSMkMiMkMCMkMDAkMzgxMTkxIzExIyQxIyQ3IyQ3MiQzNjEyMjIjNDEjJDEjJDgjJDgz,11,2021-11-18,30
JDU4MTI3MSM1MSMkMiMkMCMkMDAkMzgxMTkxIzExIyQxIyQ3IyQ4MiQyNjEwMDIjODEjJDEjJDIjJDgz,29,2021-11-22,30
JDU4MTI3MSM1MSMkMiMkMCMkMDAkMzgxMTkxIzExIyQxIyQzIyQ5MiQzNjE0ODEjNTEjJDEjJDYjJDgz,11,2021-11-30,30
JDU4MTI3MSM1MSMkMiMkMCMkMDAkMzgxMTkxIzExIyQxIyQzIyQ5MiQzNjEwMDIjNDEjJDEjJDgjJDgz,6,2021-11-24,30
JDU4MTI3MSM1MSMkMiMkMCMkMDAkMzgxMTkxIzExIyQyIyQzIyQwMCQyNjE0ODEjNDEjJDEjJDgjJDgz,10,2021-11-22,30
JDU4MTI3MSM1MSMkMiMkMCMkMDAkMzgxMTkxIzIxIyQxIyQ5IyQ3MiQzNjEwMDIjNTEjJDEjJDIjJDgz,14,2021-11-15,30
JDU4MTI3MSM1MSMkMiMkMCMkMDAkMzgxMTkxIzIxIyQxIyQ5IyQ3OSQzNjEwMDIjNjEjJDEjJDgjJDgz,11,2021-11-30,30
JDU4MTI3MSM1MSMkMiMkMCMkMDAkMzgxMTkxIzIxIyQxIyQ5IyQ5MiQzNjE4MzIjNTEjJDEjJDYjJDgz,26,2021-11-27,30
JDU4MTI3MSM1MSMkMiMkMCMkMDAkMzgxMTkxIzIxIyQxIyQxIyQ3MiQyNjE0ODEjODEjJDEjJDYjJDgz,7,2021-11-04,30
JDU4MTI3MSM1MSMkMiMkMCMkMDAkMzgxMTkxIzIxIyQyIyQ1IyQwMCQ0NjEwMDIjNjEjJDEjJDAjJDgz,22,2021-11-24,30
JDU4MTI3MSM1MSMkMiMkMCMkMDAkMzgxMTkxIzIxIyQyIyQ1IyQwMCQzNjEyMjIjNDEjJDEjJDQjJDgz,20,2021-11-30,30
JDU4MTI3MSM1MSMkMiMkMCMkMDAkMzgxMTkxIzMxIyQxIyQ3IyQ2MiQyNjE0ODEjNzEjJDEjJDgjJDgz,5,2021-11-21,30
JDU4MTI3MSM1MSMkMiMkMCMkMDAkMzgxMTkxIzMxIyQxIyQ3IyQ2MiQyNjEwMDIjNjEjJDEjJDQjJDgz,9,2021-11-02,30
JDU4MTI3MSM1MSMkMiMkMCMkMDAkMzgxMTkxIzMxIyQxIyQ3IyQwMyQyNjE4MzIjNDEjJDEjJDgjJDgz,5,2021-11-24,30
JDU4MTI3MSM1MSMkMiMkMCMkMDAkMzgxMTkxIzMxIyQxIyQzIyQ5OSQyNjEwMDIjNjEjJDEjJDAjJDgz,12,2021-11-21,30
JDU4MTI3MSM1MSMkMiMkMCMkMDAkMzgxMTkxIzQxIyQxIyQ3IyQ3MiQyNjEwMDIjODEjJDEjJDYjJDgz,27,2021-11-15,30
JDU4MTI3MSM1MSMkMiMkMCMkMDAkMzgxMTkxIzQxIyQxIyQ3IyQ3OSQyNjE0ODEjNjEjJDEjJDAjJDgz,11,2021-11-27,30
JDU4MTI3MSM1MSMkMiMkMCMkMDAkMzgxMTkxIzQxIyQxIyQ3IyQ4MiQyNjEwMDIjNjEjJDEjJDgjJDgz,8,2021-11-22,30
JDU4MTI3MSM1MSMkMiMkMCMkMDAkMzgxMTkxIzUxIyQxIyQ1IyQ4OSQyNjE4MzIjODEjJDEjJDYjJDgz,16,2021-11-12,30
JDU4MTI3MSM1MSMkMiMkMCMkMDAkMzgxMTkxIzUxIyQxIyQ1IyQwMyQ0NjEwMDIjODEjJDEjJDYjJDgz,16,2021-11-27,30
JDU4MTI3MSM1MSMkMiMkMCMkMDAkMzgxMTkxIzUxIyQxIyQxIyQ4MiQyNjE4MzIjODEjJDEjJDYjJDgz,10,2021-11-24,30
JDU4MTI3MSM1MSMkMiMkMCMkMDAkMzgxMzUxIzExIyQxIyQ3IyQ3MiQ0NjEwMDIjNjEjJDEjJDQjJDgz,12,2021-11-30,30
JDU4MTI3MSM1MSMkMiMkMCMkMDAkMzgxMzUxIzExIyQxIyQ3IyQ3OSQyNjE4MzIjNDEjJDEjJDQjJDgz,12,2021-11-18,30
JDU4MTI3MSM1MSMkMiMkMCMkMDAkMzgxMzUxIzExIyQxIyQzIyQ2MiQ0NjEwMDIjNDEjJDEjJDgjJDgz,21,2021-11-04,30
JDU4MTI3MSM1MSMkMiMkMCMkMDAkMzgxMzUxIzExIyQxIyQzIyQ4OSQzNjE4MzIjNTEjJDEjJDYjJDgz,24,2021-11-08,30
JDU4MTI3MSM1MSMkMiMkMCMkMDAkMzgxMzUxIzExIyQxIyQzIyQ4OSQzNjEyMjIjNjEjJDEjJDQjJDgz,24,2021-11-15,30
JDU4MTI3MSM1MSMkMiMkMCMkMDAkMzgxMzUxIzExIyQxIyQzIyQxMyQzNjE0ODEjNzEjJDEjJDgjJDgz,16,2021-11-27,30
JDU4MTI3MSM1MSMkMiMkMCMkMDAkMzgxMzUxIzIxIyQxIyQ1IyQ3OSQ0NjE0ODEjNTEjJDEjJDYjJDgz,6,2021-11-08,30
JDU4MTI3MSM1MSMkMiMkMCMkMDAkMzgxMzUxIzIxIyQxIyQ1IyQ4MiQzNjEyMjIjNDEjJDEjJDgjJDgz,14,2021-11-18,30
JDU4MTI3MSM1MSMkMiMkMCMkMDAkMzgxMzUxIzIxIyQxIyQ1IyQwMyQ0NjE0ODEjNDEjJDEjJDgjJDgz,11,2021-11-15,30
JDU4MTI3MSM1MSMkMiMkMCMkMDAkMzgxMzUxIzIxIyQxIyQ1IyQwMyQzNjEwMDIjNzEjJDEjJDgjJDgz,3,2021-11-27,30
JDU4MTI3MSM1MSMkMiMkMCMkMDAkMzgxMzUxIzIxIyQxIyQ5IyQ2MiQzNjEyMjIjNTEjJDEjJDIjJDgz,11,2021-11-21,30
JDU4MTI3MSM1MSMkMiMkMCMkMDAkMzgxMzUxIzIxIyQxIyQxIyQ5MiQzNjEyMjIjNDEjJDEjJDgjJDgz,10,2021-11-01,30
JDU4MTI3MSM1MSMkMiMkMCMkMDAkMzgxMzUxIzIxIyQxIyQxIyQwMyQyNjEwMDIjODEjJDEjJDIjJDgz,22,2021-11-22,30
JDU4MTI3MSM1MSMkMiMkMCMkMDAkMzgxMzUxIzIxIyQxIyQxIyQwMyQzNjE0ODEjNTEjJDEjJDIjJDgz,12,2021-11-21,30
JDU4MTI3MSM1MSMkMiMkMCMkMDAkMzgxMzUxIzQxIyQxIyQ3IyQ5MiQyNjE0ODEjNjEjJDEjJDAjJDgz,4,2021-11-21,30
JDU4MTI3MSM1MSMkMiMkMCMkMDAkMzgxMzUxIzUxIyQxIyQ1IyQ3OSQ0NjE0ODEjNDEjJDEjJDgjJDgz,23,2021-11-30,30
JDU4MTI3MSM1MSMkMiMkMCMkMDAkMzgxMzUxIzUxIyQxIyQ1IyQ5MiQyNjEyMjIjNTEjJDEjJDYjJDgz,1,2021-11-04,30
JDU4MTI3MSM1MSMkMiMkMCMkMDAkMzgxMzUxIzUxIyQxIyQxIyQ4MiQzNjE0ODEjNjEjJDEjJDgjJDgz,15,2021-11-04,30
JDU4MTI3MSM1MSMkMiMkMCMkMDAkMzgxMzUxIzUxIyQxIyQxIyQ4MiQzNjEyMjIjNTEjJDEjJDIjJDgz,25,2021-11-21,30
JDU4MTI3MSM1MSMkMiMkMCMkMDAkMzgxMzUxIzUxIyQxIyQxIyQ5MiQzNjEyMjIjNDEjJDEjJDQjJDgz,11,2021-11-27,30
JDU4MTI3MSM1MSMkMiMkMCMkMDAkMzgxMzUxIzUxIyQyIyQ1IyQwMCQyNjE4MzIjNTEjJDEjJDIjJDgz,6,2021-11-01,30
JDU4MTI3MSM1MSMkMiMkMCMkMDAkMzgxNzAyIzExIyQxIyQ3IyQ3OSQzNjE0ODEjNjEjJDEjJDAjJDgz,10,2021-11-01,30
JDU4MTI3MSM1MSMkMiMkMCMkMDAkMzgxNzAyIzExIyQxIyQzIyQ3OSQzNjE4MzIjNTEjJDEjJDIjJDgz,28,2021-11-30,30
JDU4MTI3MSM1MSMkMiMkMCMkMDAkMzgxNzAyIzIxIyQxIyQ1IyQ3MiQyNjEwMDIjODEjJDEjJDYjJDgz,12,2021-11-02,30
JDU4MTI3MSM1MSMkMiMkMCMkMDAkMzgxNzAyIzIxIyQxIyQ5IyQ2MiQzNjEyMjIjODEjJDEjJDYjJDgz,8,2021-11-08,30
JDU4MTI3MSM1MSMkMiMkMCMkMDAkMzgxNzAyIzIxIyQxIyQ5IyQ5OSQyNjEyMjIjNDEjJDEjJDgjJDgz,11,2021-11-01,30
JDU4MTI3MSM1MSMkMiMkMCMkMDAkMzgxNzAyIzIxIyQxIyQxIyQ2MiQzNjEwMDIjODEjJDEjJDIjJDgz,30,2021-11-08,30
JDU4MTI3MSM1MSMkMiMkMCMkMDAkMzgxNzAyIzIxIyQxIyQxIyQ3OSQ0NjE0ODEjNTEjJDEjJDYjJDgz,18,2021-11-08,30
JDU4MTI3MSM1MSMkMiMkMCMkMDAkMzgxNzAyIzIxIyQxIyQxIyQ3OSQzNjEwMDIjODEjJDEjJDYjJDgz,11,2021-11-08,30
JDU4MTI3MSM1MSMkMiMkMCMkMDAkMzgxNzAyIzIxIyQxIyQxIyQ4MiQyNjEwMDIjNDEjJDEjJDQjJDgz,5,2021-11-21,30
JDU4MTI3MSM1MSMkMiMkMCMkMDAkMzgxNzAyIzMxIyQxIyQ3IyQ3MiQ0NjE0ODEjNjEjJDEjJDQjJDgz,8,2021-11-24,30
JDU4MTI3MSM1MSMkMiMkMCMkMDAkMzgxNzAyIzMxIyQxIyQ3IyQ4OSQzNjEwMDIjNDEjJDEjJDgjJDgz,4,2021-11-08,30
JDU4MTI3MSM1MSMkMiMkMCMkMDAkMzgxNzAyIzMxIyQxIyQzIyQxMyQyNjEwMDIjNDEjJDEjJDgjJDgz,10,2021-11-08,30
JDU4MTI3MSM1MSMkMiMkMCMkMDAkMzgxNzAyIzQxIyQxIyQ3IyQ5MiQzNjE0ODEjNTEjJDEjJDYjJDgz,10,2021-11-08,30
JDU4MTI3MSM1MSMkMiMkMCMkMDAkMzgxNzAyIzUxIyQxIyQ1IyQ4OSQyNjE4MzIjNjEjJDEjJDAjJDgz,17,2021-11-08,30
JDU4MTI3MSM1MSMkMiMkMCMkMDAkMzgxNzAyIzUxIyQxIyQ1IyQwMyQzNjEwMDIjNDEjJDEjJDgjJDgz,24,2021-11-15,30
JDU4MTI3MSM1MSMkMiMkMCMkMDAkMzgxNzAyIzUxIyQxIyQxIyQ5OSQzNjEyMjIjNDEjJDEjJDQjJDgz,29,2021-11-27,30
JDU4MTI3MSM1MSMkMiMkMCMkMDAkMzgxOTYxIzExIyQxIyQ3IyQ3MiQ0NjE0ODEjNTEjJDEjJDIjJDgz,22,2021-11-01,30
JDU4MTI3MSM1MSMkMiMkMCMkMDAkMzgxOTYxIzExIyQxIyQ3IyQ3OSQ0NjE0ODEjNjEjJDEjJDgjJDgz,16,2021-11-24,30
JDU4MTI3MSM1MSMkMiMkMCMkMDAkMzgxOTYxIzExIyQxIyQ3IyQwMyQyNjEwMDIjNzEjJDEjJDgjJDgz,5,2021-11-21,30
JDU4MTI3MSM1MSMkMiMkMCMkMDAkMzgxOTYxIzExIyQxIyQ3IyQwMyQzNjE0ODEjNDEjJDEjJDgjJDgz,27,2021-11-18,30
JDU4MTI3MSM1MSMkMiMkMCMkMDAkMzgxOTYxIzExIyQxIyQ3IyQxMyQzNjE0ODEjODEjJDEjJDYjJDgz,30,2021-11-04,30
JDU4MTI3MSM1MSMkMiMkMCMkMDAkMzgxOTYxIzExIyQxIyQzIyQ2MiQyNjE0ODEjNTEjJDEjJDYjJDgz,13,2021-11-12,30
JDU4MTI3MSM1MSMkMiMkMCMkMDAkMzgxOTYxIzExIyQxIyQzIyQ2MiQyNjEwMDIjNDEjJDEjJDgjJDgz,29,2021-11-08,30
JDU4MTI3MSM1MSMkMiMkMCMkMDAkMzgxOTYxIzExIyQyIyQ3IyQwMCQyNjEwMDIjNDEjJDEjJDgjJDgz,19,2021-11-30,30
JDU4MTI3MSM1MSMkMiMkMCMkMDAkMzgxOTYxIzIxIyQxIyQ1IyQ2MiQzNjEwMDIjNTEjJDEjJDYjJDgz,4,2021-11-02,30
JDU4MTI3MSM1MSMkMiMkMCMkMDAkMzgxOTYxIzIxIyQxIyQ1IyQ3OSQzNjEwMDIjNjEjJDEjJDAjJDgz,9,2021-11-18,30
JDU4MTI3MSM1MSMkMiMkMCMkMDAkMzgxOTYxIzIxIyQxIyQ1IyQ4MiQzNjEwMDIjODEjJDEjJDIjJDgz,8,2021-11-15,30
JDU4MTI3MSM1MSMkMiMkMCMkMDAkMzgxOTYxIzIxIyQxIyQ1IyQ4OSQ0NjEwMDIjNjEjJDEjJDAjJDgz,6,2021-11-30,30
JDU4MTI3MSM1MSMkMiMkMCMkMDAkMzgxOTYxIzIxIyQxIyQ1IyQ5MiQyNjE4MzIjODEjJDEjJDYjJDgz,24,2021-11-18,30
JDU4MTI3MSM1MSMkMiMkMCMkMDAkMzgxOTYxIzIxIyQxIyQ5IyQ2MiQyNjE0ODEjODEjJDEjJDYjJDgz,5,2021-11-15,30
JDU4MTI3MSM1MSMkMiMkMCMkMDAkMzgxOTYxIzIxIyQxIyQ5IyQ3OSQyNjE4MzIjNjEjJDEjJDAjJDgz,13,2021-11-08,30
JDU4MTI3MSM1MSMkMiMkMCMkMDAkMzgxOTYxIzIxIyQxIyQ5IyQ4MiQzNjE4MzIjNDEjJDEjJDgjJDgz,1,2021-11-24,30
JDU4MTI3MSM1MSMkMiMkMCMkMDAkMzgxOTYxIzIxIyQxIyQ5IyQ5OSQ0NjE0ODEjNDEjJDEjJDQjJDgz,9,2021-11-08,30
JDU4MTI3MSM1MSMkMiMkMCMkMDAkMzgxOTYxIzIxIyQxIyQ5IyQ5OSQzNjE4MzIjNDEjJDEjJDgjJDgz,30,2021-11-24,30
JDU4MTI3MSM1MSMkMiMkMCMkMDAkMzgxOTYxIzIxIyQxIyQxIyQ3MiQ0NjE0ODEjODEjJDEjJDYjJDgz,18,2021-11-12,30
JDU4MTI3MSM1MSMkMiMkMCMkMDAkMzgxOTYxIzIxIyQxIyQxIyQ5OSQ0NjEwMDIjNjEjJDEjJDQjJDgz,21,2021-11-01,30
JDU4MTI3MSM1MSMkMiMkMCMkMDAkMzgxOTYxIzIxIyQxIyQxIyQ5OSQzNjEwMDIjNTEjJDEjJDIjJDgz,12,2021-11-15,30
JDU4MTI3MSM1MSMkMiMkMCMkMDAkMzgxOTYxIzIxIyQxIyQxIyQwMyQzNjEyMjIjNjEjJDEjJDAjJDgz,9,2021-11-15,30
JDU4MTI3MSM1MSMkMiMkMCMkMDAkMzgxOTYxIzIxIyQyIyQxIyQwMCQyNjEwMDIjNzEjJDEjJDgjJDgz,4,2021-11-22,30
JDU4MTI3MSM1MSMkMiMkMCMkMDAkMzgxOTYxIzMxIyQxIyQ3IyQ4MiQzNjE0ODEjODEjJDEjJDYjJDgz,29,2021-11-08,30
JDU4MTI3MSM1MSMkMiMkMCMkMDAkMzgxOTYxIzMxIyQxIyQ3IyQ5OSQyNjE0ODEjNzEjJDEjJDgjJDgz,26,2021-11-24,30
JDU4MTI3MSM1MSMkMiMkMCMkMDAkMzgxOTYxIzMxIyQxIyQzIyQ3OSQyNjEwMDIjNjEjJDEjJDAjJDgz,20,2021-11-04,30
JDU4MTI3MSM1MSMkMiMkMCMkMDAkMzgxOTYxIzMxIyQxIyQzIyQ5OSQzNjE4MzIjODEjJDEjJDIjJDgz,16,2021-11-15,30
JDU4MTI3MSM1MSMkMiMkMCMkMDAkMzgxOTYxIzMxIyQyIyQ3IyQwMCQzNjE4MzIjNDEjJDEjJDgjJDgz,28,2021-11-21,30
JDU4MTI3MSM1MSMkMiMkMCMkMDAkMzgxOTYxIzMxIyQyIyQzIyQwMCQyNjE4MzIjNTEjJDEjJDIjJDgz,12,2021-11-08,30
JDU4MTI3MSM1MSMkMiMkMCMkMDAkMzgxOTYxIzQxIyQxIyQ3IyQ4MiQzNjEwMDIjNTEjJDEjJDYjJDgz,19,2021-11-22,30
JDU4MTI3MSM1MSMkMiMkMCMkMDAkMzgxOTYxIzQxIyQyIyQ3IyQwMCQzNjE4MzIjODEjJDEjJDIjJDgz,26,2021-11-15,30
JDU4MTI3MSM1MSMkMiMkMCMkMDAkMzgxOTYxIzUxIyQxIyQ1IyQ4MiQ0NjE0ODEjNDEjJDEjJDgjJDgz,9,2021-11-24,30
JDU4MTI3MSM1MSMkMiMkMCMkMDAkMzgxOTYxIzUxIyQxIyQxIyQ2MiQzNjEwMDIjNjEjJDEjJDQjJDgz,20,2021-11-01,30
JDU4MTI3MSM1MSMkMiMkMCMkMDAkMzgxOTYxIzUxIyQxIyQxIyQ3OSQzNjEyMjIjNjEjJDEjJDAjJDgz,5,2021-11-15,30
JDU4MTI3MSM1MSMkMiMkMCMkMDAkMzgxOTYxIzUxIyQxIyQxIyQ4OSQ0NjE0ODEjODEjJDEjJDIjJDgz,16,2021-11-15,30
JDU4MTI3MSM1MSMkMiMkMCMkMDAkMzgxOTYxIzUxIyQxIyQxIyQwMyQzNjE4MzIjNDEjJDEjJDgjJDgz,18,2021-11-24,30
JDU4MTI3MSM1MSMkMiMkMCMkMDAkMzgxOTYxIzUxIyQxIyQxIyQxMyQzNjE4MzIjODEjJDEjJDIjJDgz,11,2021-11-15,30
JDU4MTI3MSM1MSMkMiMkMCMkMDAkMzgxOTYxIzUxIyQxIyQxIyQxMyQzNjEyMjIjNDEjJDEjJDQjJDgz,8,2021-11-18,30
JDU4MTI3MSM1MSMkMiMkMCMkMDAkNDgxMTkxIzExIyQxIyQ3IyQ3MiQyNjE0ODEjNjEjJDEjJDAjJDgz,21,2021-11-30,30
JDU4MTI3MSM1MSMkMiMkMCMkMDAkNDgxMTkxIzExIyQxIyQzIyQ2MiQzNjE0ODEjNTEjJDEjJDYjJDgz,30,2021-11-12,30
JDU4MTI3MSM1MSMkMiMkMCMkMDAkNDgxMTkxIzExIyQyIyQzIyQwMCQyNjEyMjIjNDEjJDEjJDQjJDgz,17,2021-11-24,30
JDU4MTI3MSM1MSMkMiMkMCMkMDAkNDgxMTkxIzExIyQyIyQzIyQwMCQzNjE4MzIjNDEjJDEjJDgjJDgz,3,2021-11-24,30
JDU4MTI3MSM1MSMkMiMkMCMkMDAkNDgxMTkxIzIxIyQxIyQ1IyQ3MiQyNjEyMjIjNTEjJDEjJDYjJDgz,14,2021-11-02,30
JDU4MTI3MSM1MSMkMiMkMCMkMDAkNDgxMTkxIzIxIyQxIyQ1IyQ4OSQ0NjE0ODEjNTEjJDEjJDYjJDgz,4,2021-11-08,30
JDU4MTI3MSM1MSMkMiMkMCMkMDAkNDgxMTkxIzIxIyQxIyQ5IyQ5OSQzNjEyMjIjNDEjJDEjJDgjJDgz,4,2021-11-02,30
JDU4MTI3MSM1MSMkMiMkMCMkMDAkNDgxMTkxIzIxIyQxIyQxIyQwMyQyNjE0ODEjNTEjJDEjJDIjJDgz,9,2021-11-01,30
JDU4MTI3MSM1MSMkMiMkMCMkMDAkNDgxMTkxIzMxIyQxIyQ3IyQ4OSQ0NjEwMDIjNDEjJDEjJDgjJDgz,3,2021-11-02,30
JDU4MTI3MSM1MSMkMiMkMCMkMDAkNDgxMTkxIzMxIyQxIyQ3IyQxMyQyNjEyMjIjNDEjJDEjJDgjJDgz,3,2021-11-15,30
JDU4MTI3MSM1MSMkMiMkMCMkMDAkNDgxMTkxIzMxIyQxIyQ3IyQxMyQzNjE4MzIjNTEjJDEjJDIjJDgz,11,2021-11-15,30
JDU4MTI3MSM1MSMkMiMkMCMkMDAkNDgxMTkxIzMxIyQxIyQ3IyQxMyQzNjEyMjIjNjEjJDEjJDAjJDgz,24,2021-11-27,30
JDU4MTI3MSM1MSMkMiMkMCMkMDAkNDgxMTkxIzMxIyQxIyQzIyQ4OSQzNjE0ODEjNTEjJDEjJDYjJDgz,12,2021-11-02,30
JDU4MTI3MSM1MSMkMiMkMCMkMDAkNDgxMTkxIzMxIyQyIyQzIyQwMCQyNjE0ODEjNjEjJDEjJDQjJDgz,28,2021-11-22,30
JDU4MTI3MSM1MSMkMiMkMCMkMDAkNDgxMTkxIzQxIyQxIyQ3IyQ2MiQzNjE0ODEjODEjJDEjJDIjJDgz,16,2021-11-15,30
JDU4MTI3MSM1MSMkMiMkMCMkMDAkNDgxMTkxIzQxIyQxIyQ3IyQ5MiQ0NjE0ODEjNTEjJDEjJDIjJDgz,12,2021-11-01,30
JDU4MTI3MSM1MSMkMiMkMCMkMDAkNDgxMTkxIzUxIyQxIyQ1IyQ4MiQyNjE0ODEjNTEjJDEjJDIjJDgz,20,2021-11-21,30
JDU4MTI3MSM1MSMkMiMkMCMkMDAkNDgxMTkxIzUxIyQxIyQ1IyQ5OSQzNjEwMDIjNjEjJDEjJDAjJDgz,15,2021-11-01,30
JDU4MTI3MSM1MSMkMiMkMCMkMDAkNDgxMTkxIzUxIyQxIyQ1IyQxMyQzNjE0ODEjNzEjJDEjJDgjJDgz,15,2021-11-15,30
JDU4MTI3MSM1MSMkMiMkMCMkMDAkNDgxMTkxIzUxIyQxIyQxIyQ3MiQyNjE4MzIjNTEjJDEjJDYjJDgz,11,2021-11-24,30
JDU4MTI3MSM1MSMkMiMkMCMkMDAkNDgxMTkxIzUxIyQxIyQxIyQ3MiQyNjEyMjIjNjEjJDEjJDQjJDgz,14,2021-11-12,30
JDU4MTI3MSM1MSMkMiMkMCMkMDAkNDgxMTkxIzUxIyQxIyQxIyQ3OSQzNjEwMDIjNTEjJDEjJDYjJDgz,12,2021-11-15,30
JDU4MTI3MSM1MSMkMiMkMCMkMDAkNDgxMTkxIzUxIyQxIyQxIyQ5MiQyNjE4MzIjODEjJDEjJDIjJDgz,28,2021-11-12,30
JDU4MTI3MSM1MSMkMiMkMCMkMDAkNDgxMTkxIzUxIyQxIyQxIyQwMyQ0NjEwMDIjNjEjJDEjJDAjJDgz,5,2021-11-08,30
JDU4MTI3MSM1MSMkMiMkMCMkMDAkNDgxMTkxIzUxIyQyIyQ1IyQwMCQ0NjE0ODEjNjEjJDEjJDgjJDgz,26,2021-11-21,30
JDU4MTI3MSM1MSMkMiMkMCMkMDAkNDgxMzUxIzExIyQxIyQzIyQ2MiQ0NjE0ODEjNjEjJDEjJDQjJDgz,27,2021-11-15,30
JDU4MTI3MSM1MSMkMiMkMCMkMDAkNDgxMzUxIzExIyQxIyQzIyQ5MiQzNjEyMjIjNDEjJDEjJDgjJDgz,20,2021-11-21,30
JDU4MTI3MSM1MSMkMiMkMCMkMDAkNDgxMzUxIzExIyQyIyQzIyQwMCQyNjE0ODEjNTEjJDEjJDIjJDgz,24,2021-11-24,30
JDU4MTI3MSM1MSMkMiMkMCMkMDAkNDgxMzUxIzIxIyQxIyQ1IyQ3OSQ0NjEwMDIjNTEjJDEjJDYjJDgz,4,2021-11-21,30
JDU4MTI3MSM1MSMkMiMkMCMkMDAkNDgxMzUxIzIxIyQxIyQ5IyQ2MiQzNjE0ODEjODEjJDEjJDIjJDgz,7,2021-11-12,30
JDU4MTI3MSM1MSMkMiMkMCMkMDAkNDgxMzUxIzIxIyQxIyQ5IyQ3MiQzNjEwMDIjNTEjJDEjJDYjJDgz,23,2021-11-24,30
JDU4MTI3MSM1MSMkMiMkMCMkMDAkNDgxMzUxIzIxIyQxIyQxIyQ3MiQzNjEyMjIjODEjJDEjJDYjJDgz,3,2021-11-08,30
JDU4MTI3MSM1MSMkMiMkMCMkMDAkNDgxMzUxIzIxIyQxIyQxIyQ5OSQzNjE0ODEjNDEjJDEjJDgjJDgz,5,2021-11-18,30
JDU4MTI3MSM1MSMkMiMkMCMkMDAkNDgxMzUxIzIxIyQxIyQxIyQwMyQzNjEwMDIjNTEjJDEjJDIjJDgz,20,2021-11-04,30
JDU4MTI3MSM1MSMkMiMkMCMkMDAkNDgxMzUxIzIxIyQxIyQxIyQxMyQyNjE0ODEjODEjJDEjJDYjJDgz,22,2021-11-22,30
JDU4MTI3MSM1MSMkMiMkMCMkMDAkNDgxMzUxIzMxIyQxIyQ3IyQxMyQyNjE0ODEjNjEjJDEjJDAjJDgz,6,2021-11-18,30
JDU4MTI3MSM1MSMkMiMkMCMkMDAkNDgxMzUxIzMxIyQxIyQzIyQ5OSQyNjE4MzIjNDEjJDEjJDgjJDgz,10,2021-11-15,30
JDU4MTI3MSM1MSMkMiMkMCMkMDAkNDgxMzUxIzMxIyQxIyQzIyQ5OSQyNjEyMjIjNTEjJDEjJDYjJDgz,8,2021-11-08,30
JDU4MTI3MSM1MSMkMiMkMCMkMDAkNDgxMzUxIzQxIyQxIyQ3IyQ3MiQyNjE0ODEjNDEjJDEjJDgjJDgz,19,2021-11-27,30
JDU4MTI3MSM1MSMkMiMkMCMkMDAkNDgxMzUxIzQxIyQxIyQ3IyQ3MiQzNjE0ODEjNjEjJDEjJDAjJDgz,7,2021-11-15,30
JDU4MTI3MSM1MSMkMiMkMCMkMDAkNDgxMzUxIzQxIyQxIyQ3IyQ3MiQzNjEyMjIjNDEjJDEjJDgjJDgz,8,2021-11-30,30
JDU4MTI3MSM1MSMkMiMkMCMkMDAkNDgxMzUxIzQxIyQxIyQ3IyQ4MiQzNjEwMDIjNDEjJDEjJDQjJDgz,26,2021-11-04,30
JDU4MTI3MSM1MSMkMiMkMCMkMDAkNDgxMzUxIzQxIyQxIyQ3IyQ5OSQ0NjEwMDIjNTEjJDEjJDYjJDgz,24,2021-11-04,30
JDU4MTI3MSM1MSMkMiMkMCMkMDAkNDgxMzUxIzUxIyQxIyQxIyQ5MiQzNjEyMjIjNDEjJDEjJDgjJDgz,12,2021-11-18,30
JDU4MTI3MSM1MSMkMiMkMCMkMDAkNDgxNzAyIzExIyQxIyQ3IyQ5MiQ0NjEwMDIjODEjJDEjJDIjJDgz,26,2021-11-04,30
JDU4MTI3MSM1MSMkMiMkMCMkMDAkNDgxNzAyIzExIyQxIyQ3IyQ5OSQzNjEwMDIjODEjJDEjJDYjJDgz,3,2021-11-24,30
JDU4MTI3MSM1MSMkMiMkMCMkMDAkNDgxNzAyIzExIyQxIyQzIyQ3OSQ0NjE0ODEjNTEjJDEjJDIjJDgz,22,2021-11-30,30
JDU4MTI3MSM1MSMkMiMkMCMkMDAkNDgxNzAyIzExIyQxIyQzIyQ4MiQzNjEwMDIjNDEjJDEjJDgjJDgz,6,2021-11-27,30
JDU4MTI3MSM1MSMkMiMkMCMkMDAkNDgxNzAyIzIxIyQxIyQ1IyQ3MiQzNjE0ODEjNjEjJDEjJDQjJDgz,30,2021-11-08,30
JDU4MTI3MSM1MSMkMiMkMCMkMDAkNDgxNzAyIzIxIyQxIyQ1IyQ4OSQzNjE4MzIjNDEjJDEjJDgjJDgz,11,2021-11-08,30
JDU4MTI3MSM1MSMkMiMkMCMkMDAkNDgxNzAyIzIxIyQxIyQ1IyQxMyQyNjE0ODEjNDEjJDEjJDgjJDgz,15,2021-11-08,30
JDU4MTI3MSM1MSMkMiMkMCMkMDAkNDgxNzAyIzIxIyQxIyQxIyQ4MiQyNjE4MzIjODEjJDEjJDIjJDgz,16,2021-11-27,30
JDU4MTI3MSM1MSMkMiMkMCMkMDAkNDgxNzAyIzIxIyQxIyQxIyQ5MiQyNjEyMjIjNzEjJDEjJDgjJDgz,4,2021-11-01,30
JDU4MTI3MSM1MSMkMiMkMCMkMDAkNDgxNzAyIzIxIyQxIyQxIyQwMyQ0NjE0ODEjNTEjJDEjJDYjJDgz,10,2021-11-01,30
JDU4MTI3MSM1MSMkMiMkMCMkMDAkNDgxNzAyIzIxIyQxIyQxIyQxMyQ0NjEwMDIjODEjJDEjJDYjJDgz,28,2021-11-04,30
JDU4MTI3MSM1MSMkMiMkMCMkMDAkNDgxOTYxIzExIyQxIyQ3IyQ2MiQyNjEwMDIjNDEjJDEjJDQjJDgz,29,2021-11-24,30
JDU4MTI3MSM1MSMkMiMkMCMkMDAkNDgxOTYxIzExIyQxIyQ3IyQ2MiQzNjEyMjIjNDEjJDEjJDgjJDgz,2,2021-11-08,30
JDU4MTI3MSM1MSMkMiMkMCMkMDAkNDgxOTYxIzExIyQxIyQ3IyQ3OSQzNjE0ODEjNjEjJDEjJDQjJDgz,27,2021-11-22,30
JDU4MTI3MSM1MSMkMiMkMCMkMDAkNDgxOTYxIzExIyQxIyQ3IyQ4OSQzNjE4MzIjNzEjJDEjJDgjJDgz,18,2021-11-02,30
JDU4MTI3MSM1MSMkMiMkMCMkMDAkNDgxOTYxIzExIyQxIyQ3IyQ5MiQyNjE0ODEjNTEjJDEjJDYjJDgz,25,2021-11-27,30
JDU4MTI3MSM1MSMkMiMkMCMkMDAkNDgxOTYxIzExIyQxIyQ3IyQ5MiQzNjEyMjIjNTEjJDEjJDIjJDgz,8,2021-11-15,30
JDU4MTI3MSM1MSMkMiMkMCMkMDAkNDgxOTYxIzExIyQxIyQzIyQ2MiQzNjE4MzIjNTEjJDEjJDIjJDgz,12,2021-11-02,30
JDU4MTI3MSM1MSMkMiMkMCMkMDAkNDgxOTYxIzExIyQxIyQzIyQ3OSQyNjEyMjIjNTEjJDEjJDIjJDgz,5,2021-11-22,30
JDU4MTI3MSM1MSMkMiMkMCMkMDAkNDgxOTYxIzIxIyQxIyQ1IyQxMyQzNjEyMjIjNDEjJDEjJDQjJDgz,26,2021-11-22,30
JDU4MTI3MSM1MSMkMiMkMCMkMDAkNDgxOTYxIzIxIyQxIyQ5IyQ3OSQyNjE0ODEjNDEjJDEjJDgjJDgz,12,2021-11-12,30
JDU4MTI3MSM1MSMkMiMkMCMkMDAkNDgxOTYxIzIxIyQxIyQxIyQ4OSQ0NjE0ODEjNDEjJDEjJDgjJDgz,23,2021-11-08,30
JDU4MTI3MSM1MSMkMiMkMCMkMDAkNDgxOTYxIzIxIyQxIyQxIyQ5MiQ0NjEwMDIjNTEjJDEjJDYjJDgz,25,2021-11-15,30
JDU4MTI3MSM1MSMkMiMkMCMkMDAkNDgxOTYxIzMxIyQxIyQ3IyQ4MiQyNjE0ODEjODEjJDEjJDIjJDgz,9,2021-11-15,30
JDU4MTI3MSM1MSMkMiMkMCMkMDAkNDgxOTYxIzMxIyQyIyQzIyQwMCQyNjEwMDIjODEjJDEjJDIjJDgz,9,2021-11-15,30
JDU4MTI3MSM1MSMkMiMkMCMkMDAkNDgxOTYxIzQxIyQxIyQ3IyQ5MiQ0NjEwMDIjNjEjJDEjJDQjJDgz,14,2021-11-27,30
JDU4MTI3MSM1MSMkMiMkMCMkMDAkNDgxOTYxIzQxIyQxIyQ3IyQxMyQzNjEyMjIjNjEjJDEjJDQjJDgz,17,2021-11-01,30
JDU4MTI3MSM1MSMkMiMkMCMkMDAkNDgxOTYxIzUxIyQxIyQ1IyQ2MiQzNjE4MzIjNDEjJDEjJDQjJDgz,15,2021-11-22,30
JDU4MTI3MSM1MSMkMiMkMCMkMDAkNDgxOTYxIzUxIyQxIyQ1IyQ3MiQ0NjE0ODEjNjEjJDEjJDQjJDgz,18,2021-11-12,30
JDU4MTI3MSM1MSMkMiMkMCMkMDAkNDgxOTYxIzUxIyQxIyQxIyQwMyQ0NjE0ODEjNDEjJDEjJDgjJDgz,5,2021-11-15,30
JDU4MTI3MSM1MSMkMiMkMCMkMDAkNDgxOTYxIzUxIyQyIyQxIyQwMCQzNjE0ODEjNDEjJDEjJDgjJDgz,29,2021-11-02,30
JDQ4MTg4MSM1MSMkMSMkMCMkOTkkMzgxMzUxIzMxIyQxIyQ3IyQxMyQ0NjE0ODEjNjEjJDEjJDQjJDgz,112,2021-11-15,40
